Project Name,Package Name,Type Name,Method Name,Code Smell
main,org.mockito,Mockito,spy,Long Statement
main,org.mockito,MockitoAnnotations,initMocks,Long Statement
main,org.mockito.internal.configuration,CaptorAnnotationProcessor,process,Long Statement
main,org.mockito.internal.configuration,ClassPathLoader,loadConfiguration,Long Identifier
main,org.mockito.internal.configuration,ClassPathLoader,loadConfiguration,Long Statement
main,org.mockito.internal.configuration,ClassPathLoader,loadConfiguration,Long Statement
main,org.mockito.internal.configuration,DefaultInjectionEngine,injectMocksOnFields,Long Statement
main,org.mockito.internal.configuration,SpyAnnotationEngine,spyInstance,Long Statement
main,org.mockito.internal.configuration,SpyAnnotationEngine,spyNewInstance,Long Statement
main,org.mockito.internal.configuration,SpyAnnotationEngine,spyNewInstance,Long Statement
main,org.mockito.internal.configuration.injection,PropertyAndSetterInjection,injectMockCandidates,Long Identifier
main,org.mockito.internal.configuration.injection,PropertyAndSetterInjection,injectMockCandidatesOnFields,Long Identifier
main,org.mockito.internal.configuration.injection,PropertyAndSetterInjection,injectMockCandidatesOnFields,Long Statement
main,org.mockito.internal.configuration.injection,SpyOnInjectedFieldsHandler,processInjection,Long Statement
main,org.mockito.internal.configuration.injection.filter,NameBasedCandidateFilter,filterCandidate,Long Statement
main,org.mockito.internal.configuration.injection.filter,NameBasedCandidateFilter,filterCandidate,Long Statement
main,org.mockito.internal.configuration.injection.filter,NameBasedCandidateFilter,anotherCandidateMatchesMockName,Complex Conditional
main,org.mockito.internal.configuration.injection.filter,NameBasedCandidateFilter,anotherCandidateMatchesMockName,Long Statement
main,org.mockito.internal.configuration.plugins,DefaultMockitoPlugins,create,Long Statement
main,org.mockito.internal.configuration.plugins,DefaultMockitoPlugins,create,Long Statement
main,org.mockito.internal.configuration.plugins,PluginLoader,loadPlugin,Long Statement
main,org.mockito.internal.configuration.plugins,PluginLoader,loadPlugin,Long Statement
main,org.mockito.internal.configuration.plugins,PluginLoader,invoke,Long Statement
main,org.mockito.internal.creation.bytebuddy,ByteBuddyCrossClassLoaderSerializationSupport,writeReplace,Long Statement
main,org.mockito.internal.creation.bytebuddy,ByteBuddyCrossClassLoaderSerializationSupport,mockReplacementCompleted,Long Identifier
main,org.mockito.internal.creation.bytebuddy,ByteBuddyCrossClassLoaderSerializationSupport,mockReplacementStarted,Long Identifier
main,org.mockito.internal.creation.bytebuddy,ByteBuddyCrossClassLoaderSerializationSupport,mockIsCurrentlyBeingReplaced,Long Identifier
main,org.mockito.internal.creation.bytebuddy,ByteBuddyCrossClassLoaderSerializationSupport,readResolve,Long Statement
main,org.mockito.internal.creation.bytebuddy,ByteBuddyCrossClassLoaderSerializationSupport,readResolve,Long Statement
main,org.mockito.internal.creation.bytebuddy,ByteBuddyCrossClassLoaderSerializationSupport,resolveClass,Long Statement
main,org.mockito.internal.creation.bytebuddy,ByteBuddyCrossClassLoaderSerializationSupport,resolveClass,Long Statement
main,org.mockito.internal.creation.bytebuddy,ByteBuddyCrossClassLoaderSerializationSupport,hackClassNameToMatchNewlyCreatedClass,Long Statement
main,org.mockito.internal.creation.bytebuddy,CrossClassLoaderSerializationProxy,readResolve,Long Statement
main,org.mockito.internal.creation.bytebuddy,CrossClassLoaderSerializationProxy,readResolve,Long Statement
main,org.mockito.internal.creation.bytebuddy,MockitoMockObjectInputStream,resolveClass,Long Statement
main,org.mockito.internal.creation.bytebuddy,MockitoMockObjectInputStream,resolveClass,Long Statement
main,org.mockito.internal.creation.bytebuddy,MockitoMockObjectInputStream,hackClassNameToMatchNewlyCreatedClass,Long Statement
main,org.mockito.internal.creation.bytebuddy,InlineByteBuddyMockMaker,InlineByteBuddyMockMaker,Long Statement
main,org.mockito.internal.creation.bytebuddy,InlineByteBuddyMockMaker,createMockType,Long Statement
main,org.mockito.internal.creation.bytebuddy,InlineByteBuddyMockMaker,prettifyFailure,Long Statement
main,org.mockito.internal.creation.bytebuddy,InlineByteBuddyMockMaker,prettifyFailure,Long Statement
main,org.mockito.internal.creation.bytebuddy,InlineByteBuddyMockMaker,prettifyFailure,Long Statement
main,org.mockito.internal.creation.bytebuddy,InlineBytecodeGenerator,InlineBytecodeGenerator,Long Statement
main,org.mockito.internal.creation.bytebuddy,InlineBytecodeGenerator,mockClass,Long Statement
main,org.mockito.internal.creation.bytebuddy,InlineBytecodeGenerator,triggerRetransformation,Long Statement
main,org.mockito.internal.creation.bytebuddy,InlineBytecodeGenerator,checkSupportedCombination,Complex Conditional
main,org.mockito.internal.creation.bytebuddy,InlineBytecodeGenerator,checkSupportedCombination,Long Statement
main,org.mockito.internal.creation.bytebuddy,InlineBytecodeGenerator,transform,Complex Conditional
main,org.mockito.internal.creation.bytebuddy,InlineBytecodeGenerator,transform,Long Parameter List
main,org.mockito.internal.creation.bytebuddy,InlineBytecodeGenerator,transform,Long Statement
main,org.mockito.internal.creation.bytebuddy,InlineBytecodeGenerator,wrap,Long Parameter List
main,org.mockito.internal.creation.bytebuddy,InlineBytecodeGenerator,wrap,Long Statement
main,org.mockito.internal.creation.bytebuddy,InlineBytecodeGenerator,visitMethod,Long Parameter List
main,org.mockito.internal.creation.bytebuddy,InlineBytecodeGenerator,visitMethod,Long Statement
main,org.mockito.internal.creation.bytebuddy,ParameterWritingVisitorWrapper,wrap,Long Parameter List
main,org.mockito.internal.creation.bytebuddy,ParameterWritingVisitorWrapper,wrap,Long Statement
main,org.mockito.internal.creation.bytebuddy,ParameterWritingVisitorWrapper,visitMethod,Long Parameter List
main,org.mockito.internal.creation.bytebuddy,ParameterWritingVisitorWrapper,visitMethod,Long Statement
main,org.mockito.internal.creation.bytebuddy,ParameterAddingClassVisitor,visitMethod,Long Parameter List
main,org.mockito.internal.creation.bytebuddy,ParameterAddingClassVisitor,visitMethod,Long Statement
main,org.mockito.internal.creation.bytebuddy,MockMethodAdvice,enter,Complex Conditional
main,org.mockito.internal.creation.bytebuddy,MockMethodAdvice,isOverridden,Long Statement
main,org.mockito.internal.creation.bytebuddy,MockMethodAdvice,tryInvoke,Long Statement
main,org.mockito.internal.creation.bytebuddy,MockMethodInterceptor,doIntercept,Long Parameter List
main,org.mockito.internal.creation.bytebuddy,MockMethodInterceptor,interceptSuperCallable,Long Parameter List
main,org.mockito.internal.creation.bytebuddy,MockMethodInterceptor,interceptSuperCallable,Magic Number
main,org.mockito.internal.creation.bytebuddy,MockMethodInterceptor,interceptAbstract,Long Parameter List
main,org.mockito.internal.creation.bytebuddy,DispatcherDefaultingToRealMethod,interceptSuperCallable,Long Parameter List
main,org.mockito.internal.creation.bytebuddy,DispatcherDefaultingToRealMethod,interceptSuperCallable,Magic Number
main,org.mockito.internal.creation.bytebuddy,DispatcherDefaultingToRealMethod,interceptAbstract,Long Parameter List
main,org.mockito.internal.creation.bytebuddy,SubclassByteBuddyMockMaker,createMock,Long Statement
main,org.mockito.internal.creation.bytebuddy,SubclassByteBuddyMockMaker,createMock,Long Statement
main,org.mockito.internal.creation.bytebuddy,SubclassByteBuddyMockMaker,createMockType,Long Statement
main,org.mockito.internal.creation.bytebuddy,SubclassByteBuddyMockMaker,prettifyFailure,Long Statement
main,org.mockito.internal.creation.bytebuddy,SubclassByteBuddyMockMaker,prettifyFailure,Long Statement
main,org.mockito.internal.creation.bytebuddy,SubclassByteBuddyMockMaker,prettifyFailure,Long Statement
main,org.mockito.internal.creation.bytebuddy,SubclassByteBuddyMockMaker,describeClass,Long Statement
main,org.mockito.internal.creation.bytebuddy,SubclassBytecodeGenerator,mockClass,Long Statement
main,org.mockito.internal.creation.bytebuddy,SubclassBytecodeGenerator,mockClass,Long Statement
main,org.mockito.internal.creation.bytebuddy,SubclassBytecodeGenerator,mockClass,Long Statement
main,org.mockito.internal.creation.bytebuddy,SubclassBytecodeGenerator,mockClass,Long Statement
main,org.mockito.internal.creation.bytebuddy,SubclassBytecodeGenerator,mockClass,Long Statement
main,org.mockito.internal.creation.bytebuddy,SubclassBytecodeGenerator,mockClass,Magic Number
main,org.mockito.internal.creation.bytebuddy,SubclassBytecodeGenerator,nameFor,Complex Conditional
main,org.mockito.internal.creation.bytebuddy,SubclassBytecodeGenerator,isComingFromJDK,Long Statement
main,org.mockito.internal.creation.bytebuddy,SubclassBytecodeGenerator,assertVisibility,Long Statement
main,org.mockito.internal.creation.bytebuddy,TypeCachingBytecodeGenerator,mockClass,Long Statement
main,org.mockito.internal.creation.bytebuddy,TypeCachingBytecodeGenerator,hashCode,Magic Number
main,org.mockito.internal.creation.bytebuddy,TypeCachingBytecodeGenerator,hashCode,Magic Number
main,org.mockito.internal.creation.bytebuddy,MockitoMockKey,hashCode,Magic Number
main,org.mockito.internal.creation.bytebuddy,MockitoMockKey,hashCode,Magic Number
main,org.mockito.internal.creation,MockSettingsImpl,useConstructor,Long Statement
main,org.mockito.internal.creation.instance,ConstructorInstantiator,paramsException,Long Statement
main,org.mockito.internal.creation.instance,ConstructorInstantiator,noMatchingConstructor,Long Statement
main,org.mockito.internal.creation.instance,ConstructorInstantiator,constructorArgsString,Complex Conditional
main,org.mockito.internal.creation.instance,ConstructorInstantiator,multipleMatchingConstructors,Long Statement
main,org.mockito.internal.creation.instance,ConstructorInstantiator,paramsMatch,Complex Conditional
main,org.mockito.internal.creation.instance,ConstructorInstantiator,paramsMatch,Long Statement
main,org.mockito.internal.creation.instance,ConstructorInstantiator,evaluateConstructor,Complex Method
main,org.mockito.internal.debugging,LoggingListener,indexOfNextPair,Magic Number
main,org.mockito.internal.debugging,LoggingListener,getStubbingInfo,Complex Conditional
main,org.mockito.internal.debugging,VerboseMockInvocationLogger,printReturnedValueOrThrowable,Long Statement
main,org.mockito.internal.debugging,VerboseMockInvocationLogger,printReturnedValueOrThrowable,Long Statement
main,org.mockito.internal.exceptions,Reporter,unfinishedStubbing,Long Statement
main,org.mockito.internal.exceptions,Reporter,incorrectUseOfApi,Long Statement
main,org.mockito.internal.exceptions,Reporter,missingMethodInvocation,Long Statement
main,org.mockito.internal.exceptions,Reporter,unfinishedVerificationException,Long Statement
main,org.mockito.internal.exceptions,Reporter,notAMockPassedToVerify,Long Statement
main,org.mockito.internal.exceptions,Reporter,nullPassedToVerify,Long Statement
main,org.mockito.internal.exceptions,Reporter,notAMockPassedToWhenMethod,Long Statement
main,org.mockito.internal.exceptions,Reporter,nullPassedToWhenMethod,Long Statement
main,org.mockito.internal.exceptions,Reporter,mocksHaveToBePassedToVerifyNoMoreInteractions,Long Statement
main,org.mockito.internal.exceptions,Reporter,notAMockPassedToVerifyNoMoreInteractions,Long Statement
main,org.mockito.internal.exceptions,Reporter,nullPassedToVerifyNoMoreInteractions,Long Statement
main,org.mockito.internal.exceptions,Reporter,notAMockPassedWhenCreatingInOrder,Long Statement
main,org.mockito.internal.exceptions,Reporter,nullPassedWhenCreatingInOrder,Long Statement
main,org.mockito.internal.exceptions,Reporter,mocksHaveToBePassedWhenCreatingInOrder,Long Statement
main,org.mockito.internal.exceptions,Reporter,inOrderRequiresFamiliarMock,Long Statement
main,org.mockito.internal.exceptions,Reporter,invalidUseOfMatchers,Long Statement
main,org.mockito.internal.exceptions,Reporter,incorrectUseOfAdditionalMatchers,Long Statement
main,org.mockito.internal.exceptions,Reporter,stubPassedToVerify,Long Statement
main,org.mockito.internal.exceptions,Reporter,reportNoSubMatchersFound,Long Statement
main,org.mockito.internal.exceptions,Reporter,argumentsAreDifferent,Long Statement
main,org.mockito.internal.exceptions,Reporter,wantedButNotInvoked,Long Statement
main,org.mockito.internal.exceptions,Reporter,wantedButNotInvokedInOrder,Long Statement
main,org.mockito.internal.exceptions,Reporter,createTooManyInvocationsMessage,Long Statement
main,org.mockito.internal.exceptions,Reporter,neverWantedButInvoked,Long Statement
main,org.mockito.internal.exceptions,Reporter,createTooLittleInvocationsMessage,Long Statement
main,org.mockito.internal.exceptions,Reporter,noMoreInteractionsWanted,Long Statement
main,org.mockito.internal.exceptions,Reporter,noMoreInteractionsWantedInOrder,Long Statement
main,org.mockito.internal.exceptions,Reporter,cannotMockClass,Long Statement
main,org.mockito.internal.exceptions,Reporter,cannotStubVoidMethodWithAReturnValue,Long Statement
main,org.mockito.internal.exceptions,Reporter,onlyVoidMethodsCanBeSetToDoNothing,Long Statement
main,org.mockito.internal.exceptions,Reporter,wrongTypeOfReturnValue,Long Statement
main,org.mockito.internal.exceptions,Reporter,wrongTypeReturnedByDefaultAnswer,Long Statement
main,org.mockito.internal.exceptions,Reporter,misplacedArgumentMatcher,Long Statement
main,org.mockito.internal.exceptions,Reporter,smartNullPointerException,Long Statement
main,org.mockito.internal.exceptions,Reporter,noArgumentValueWasCaptured,Long Statement
main,org.mockito.internal.exceptions,Reporter,extraInterfacesAcceptsOnlyInterfaces,Long Statement
main,org.mockito.internal.exceptions,Reporter,extraInterfacesCannotContainMockedType,Long Statement
main,org.mockito.internal.exceptions,Reporter,mockedTypeIsInconsistentWithSpiedInstanceType,Long Statement
main,org.mockito.internal.exceptions,Reporter,cannotCallAbstractRealMethod,Long Statement
main,org.mockito.internal.exceptions,Reporter,cannotVerifyToString,Long Statement
main,org.mockito.internal.exceptions,Reporter,moreThanOneAnnotationNotAllowed,Long Statement
main,org.mockito.internal.exceptions,Reporter,unsupportedCombinationOfAnnotations,Long Statement
main,org.mockito.internal.exceptions,Reporter,cannotInitializeForSpyAnnotation,Long Statement
main,org.mockito.internal.exceptions,Reporter,cannotInitializeForInjectMocksAnnotation,Long Statement
main,org.mockito.internal.exceptions,Reporter,atMostAndNeverShouldNotBeUsedWithTimeout,Long Statement
main,org.mockito.internal.exceptions,Reporter,fieldInitialisationThrewException,Long Statement
main,org.mockito.internal.exceptions,Reporter,invocationListenerThrewException,Long Statement
main,org.mockito.internal.exceptions,Reporter,cannotInjectDependency,Long Statement
main,org.mockito.internal.exceptions,Reporter,mockedTypeIsInconsistentWithDelegatedInstanceType,Long Statement
main,org.mockito.internal.exceptions,Reporter,spyAndDelegateAreMutuallyExclusive,Long Statement
main,org.mockito.internal.exceptions,Reporter,invalidArgumentRangeAtIdentityAnswerCreationTime,Long Statement
main,org.mockito.internal.exceptions,Reporter,invalidArgumentPositionRangeAtInvocationTime,Long Statement
main,org.mockito.internal.exceptions,Reporter,possibleArgumentTypesOf,Long Statement
main,org.mockito.internal.exceptions,Reporter,wrongTypeOfArgumentToReturn,Long Statement
main,org.mockito.internal.exceptions,Reporter,serializableWontWorkForObjectsThatDontImplementSerializable,Long Statement
main,org.mockito.internal.exceptions,Reporter,delegatedMethodHasWrongReturnType,Long Statement
main,org.mockito.internal.exceptions,Reporter,delegatedMethodDoesNotExistOnDelegate,Long Statement
main,org.mockito.internal.exceptions,Reporter,usingConstructorWithFancySerializable,Long Statement
main,org.mockito.internal.exceptions,Reporter,cannotCreateTimerWithNegativeDurationTime,Long Statement
main,org.mockito.internal.exceptions,Reporter,notAnException,Long Statement
main,org.mockito.internal.exceptions,Reporter,formatUnncessaryStubbingException,Long Statement
main,org.mockito.internal.exceptions,Reporter,formatUnncessaryStubbingException,Long Statement
main,org.mockito.internal.exceptions,Reporter,potentialStubbingProblem,Long Statement
main,org.mockito.internal.exceptions,Reporter,redundantMockitoListener,Long Statement
main,org.mockito.internal.exceptions,Reporter,unfinishedMockingSession,Long Statement
main,org.mockito.internal.exceptions.stacktrace,DefaultStackTraceCleaner,isFromMockitoRunner,Long Statement
main,org.mockito.internal.exceptions.util,ScenarioPrinter,print,Long Statement
main,org.mockito.internal.handler,MockHandlerImpl,handle,Long Statement
main,org.mockito.internal.handler,MockHandlerImpl,handle,Long Statement
main,org.mockito.internal.handler,NotifiedMethodInvocationReport,equals,Long Statement
main,org.mockito.internal.handler,NotifiedMethodInvocationReport,hashCode,Magic Number
main,org.mockito.internal.handler,NotifiedMethodInvocationReport,hashCode,Magic Number
main,org.mockito.internal,MockitoCore,mock,Long Statement
main,org.mockito.internal,MockitoCore,verify,Long Statement
main,org.mockito.internal,MockitoCore,verify,Long Statement
main,org.mockito.internal,MockitoCore,verifyNoMoreInteractionsInOrder,Long Statement
main,org.mockito.internal.invocation,ArgumentsProcessor,expandVarArgs,Complex Conditional
main,org.mockito.internal.invocation,DefaultInvocationFactory,createInvocation,Long Parameter List
main,org.mockito.internal.invocation,DefaultInvocationFactory,createInvocation,Long Parameter List
main,org.mockito.internal.invocation,DefaultInvocationFactory,createInvocation,Long Parameter List
main,org.mockito.internal.invocation,DefaultInvocationFactory,createInvocation,Long Parameter List
main,org.mockito.internal.invocation,DefaultInvocationFactory,createInvocation,Long Statement
main,org.mockito.internal.invocation,DefaultInvocationFactory,createInvocation,Long Parameter List
main,org.mockito.internal.invocation,InterceptedInvocation,InterceptedInvocation,Long Parameter List
main,org.mockito.internal.invocation,InterceptedInvocation,equals,Long Statement
main,org.mockito.internal.invocation,SerializableMethod,getJavaMethod,Long Statement
main,org.mockito.internal.invocation,SerializableMethod,getJavaMethod,Long Statement
main,org.mockito.internal.invocation,SerializableMethod,equals,Complex Method
main,org.mockito.internal.invocation,TypeSafeMatching,getArgumentType,Long Statement
main,org.mockito.internal.invocation.mockref,MockWeakReference,get,Long Statement
main,org.mockito.internal.junit,ArgMismatchFinder,getStubbingArgMismatches,Complex Conditional
main,org.mockito.internal.junit,ArgMismatchFinder,getStubbingArgMismatches,Long Statement
main,org.mockito.internal.junit,JUnitRule,apply,Long Statement
main,org.mockito.internal.junit,JUnitRule,evaluate,Long Statement
main,org.mockito.internal.junit,UniversalTestListener,testFinished,Missing default
main,org.mockito.internal.junit,UnnecessaryStubbingsReporter,validateUnusedStubs,Long Statement
main,org.mockito.internal.junit.util,JUnitFailureHacker,appendWarnings,Long Statement
main,org.mockito.internal.junit.util,JUnitFailureHacker,getFieldFromHierarchy,Long Statement
main,org.mockito.internal.listeners,VerificationStartedNotifier,setMock,Long Statement
main,org.mockito.internal.listeners,VerificationStartedNotifier,assertCompatibleTypes,Long Statement
main,org.mockito.internal.listeners,VerificationStartedNotifier,assertCompatibleTypes,Long Statement
main,org.mockito.internal.listeners,Event,setMock,Long Statement
main,org.mockito.internal.matchers,ArrayEquals,matches,Complex Method
main,org.mockito.internal.matchers,EqualsWithDelta,matches,Long Statement
main,org.mockito.internal.matchers,InstanceOf,matches,Long Statement
main,org.mockito.internal.matchers.apachecommons,EqualsBuilder,reflectionEquals,Complex Method
main,org.mockito.internal.matchers.apachecommons,EqualsBuilder,reflectionEquals,Long Parameter List
main,org.mockito.internal.matchers.apachecommons,EqualsBuilder,reflectionAppend,Complex Conditional
main,org.mockito.internal.matchers.apachecommons,EqualsBuilder,reflectionAppend,Long Parameter List
main,org.mockito.internal.matchers.apachecommons,EqualsBuilder,reflectionAppend,Long Statement
main,org.mockito.internal.matchers.apachecommons,EqualsBuilder,append,Complex Method
main,org.mockito.internal.matchers.text,ValuePrinter,print,Complex Method
main,org.mockito.internal.matchers.text,ValuePrinter,printChar,Missing default
main,org.mockito.internal.progress,MockingProgressImpl,toString,Long Statement
main,org.mockito.internal.reporting,PrintSettings,print,Complex Conditional
main,org.mockito.internal.reporting,SmartPrinter,SmartPrinter,Long Identifier
main,org.mockito.internal.runners,RunnerFactory,create,Long Statement
main,org.mockito.internal.runners,RunnerFactory,create,Long Statement
main,org.mockito.internal.stubbing.answers,AnswerFunctionalInterfaces,toAnswer,Magic Number
main,org.mockito.internal.stubbing.answers,AnswerFunctionalInterfaces,answer,Magic Number
main,org.mockito.internal.stubbing.answers,AnswerFunctionalInterfaces,toAnswer,Magic Number
main,org.mockito.internal.stubbing.answers,AnswerFunctionalInterfaces,answer,Magic Number
main,org.mockito.internal.stubbing.answers,AnswerFunctionalInterfaces,toAnswer,Long Statement
main,org.mockito.internal.stubbing.answers,AnswerFunctionalInterfaces,toAnswer,Magic Number
main,org.mockito.internal.stubbing.answers,AnswerFunctionalInterfaces,toAnswer,Magic Number
main,org.mockito.internal.stubbing.answers,AnswerFunctionalInterfaces,answer,Long Statement
main,org.mockito.internal.stubbing.answers,AnswerFunctionalInterfaces,answer,Magic Number
main,org.mockito.internal.stubbing.answers,AnswerFunctionalInterfaces,answer,Magic Number
main,org.mockito.internal.stubbing.answers,AnswerFunctionalInterfaces,toAnswer,Long Statement
main,org.mockito.internal.stubbing.answers,AnswerFunctionalInterfaces,toAnswer,Magic Number
main,org.mockito.internal.stubbing.answers,AnswerFunctionalInterfaces,toAnswer,Magic Number
main,org.mockito.internal.stubbing.answers,AnswerFunctionalInterfaces,answer,Long Statement
main,org.mockito.internal.stubbing.answers,AnswerFunctionalInterfaces,answer,Magic Number
main,org.mockito.internal.stubbing.answers,AnswerFunctionalInterfaces,answer,Magic Number
main,org.mockito.internal.stubbing.answers,AnswerFunctionalInterfaces,toAnswer,Long Statement
main,org.mockito.internal.stubbing.answers,AnswerFunctionalInterfaces,toAnswer,Magic Number
main,org.mockito.internal.stubbing.answers,AnswerFunctionalInterfaces,toAnswer,Magic Number
main,org.mockito.internal.stubbing.answers,AnswerFunctionalInterfaces,toAnswer,Magic Number
main,org.mockito.internal.stubbing.answers,AnswerFunctionalInterfaces,answer,Long Statement
main,org.mockito.internal.stubbing.answers,AnswerFunctionalInterfaces,answer,Magic Number
main,org.mockito.internal.stubbing.answers,AnswerFunctionalInterfaces,answer,Magic Number
main,org.mockito.internal.stubbing.answers,AnswerFunctionalInterfaces,answer,Magic Number
main,org.mockito.internal.stubbing.answers,AnswerFunctionalInterfaces,toAnswer,Long Statement
main,org.mockito.internal.stubbing.answers,AnswerFunctionalInterfaces,toAnswer,Magic Number
main,org.mockito.internal.stubbing.answers,AnswerFunctionalInterfaces,toAnswer,Magic Number
main,org.mockito.internal.stubbing.answers,AnswerFunctionalInterfaces,toAnswer,Magic Number
main,org.mockito.internal.stubbing.answers,AnswerFunctionalInterfaces,answer,Long Statement
main,org.mockito.internal.stubbing.answers,AnswerFunctionalInterfaces,answer,Magic Number
main,org.mockito.internal.stubbing.answers,AnswerFunctionalInterfaces,answer,Magic Number
main,org.mockito.internal.stubbing.answers,AnswerFunctionalInterfaces,answer,Magic Number
main,org.mockito.internal.stubbing.answers,DefaultAnswerValidator,validateReturnValueFor,Long Statement
main,org.mockito.internal.stubbing.answers,ReturnsArgumentAt,validateIndexWithinInvocationRange,Long Statement
main,org.mockito.internal.stubbing.answers,ReturnsArgumentAt,validateArgumentTypeCompatibility,Long Statement
main,org.mockito.internal.stubbing.answers,ReturnsArgumentAt,wantedArgIndexIsVarargAndSameTypeAsReturnType,Long Statement
main,org.mockito.internal.stubbing.answers,ReturnsElementsOf,ReturnsElementsOf,Long Statement
main,org.mockito.internal.stubbing.defaultanswers,ReturnsDeepStubs,answer,Long Statement
main,org.mockito.internal.stubbing.defaultanswers,ReturnsDeepStubs,deepStub,Long Statement
main,org.mockito.internal.stubbing.defaultanswers,ReturnsDeepStubs,newDeepStubMock,Long Statement
main,org.mockito.internal.stubbing.defaultanswers,ReturnsDeepStubs,withSettingsUsing,Long Statement
main,org.mockito.internal.stubbing.defaultanswers,ReturnsDeepStubs,withSettingsUsing,Long Statement
main,org.mockito.internal.stubbing.defaultanswers,ReturnsEmptyValues,returnValueFor,Complex Method
main,org.mockito.internal.util,DefaultMockingDetails,assertGoodMock,Long Statement
main,org.mockito.internal.util,ObjectMethodsGuru,isCompareToMethod,Long Statement
main,org.mockito.internal.util,Platform,describe,Long Statement
main,org.mockito.internal.util,Platform,describe,Long Statement
main,org.mockito.internal.util,Platform,isJava8BelowUpdate45,Magic Number
main,org.mockito.internal.util,Platform,isJava8BelowUpdate45,Magic Number
main,org.mockito.internal.util,Platform,warnForVM,Long Parameter List
main,org.mockito.internal.util,Primitives,isPrimitiveOrWrapper,Long Identifier
main,org.mockito.internal.util,Primitives,defaultValue,Long Identifier
main,org.mockito.internal.util.collections,HashCodeAndEqualsMockWrapper,toString,Long Statement
main,org.mockito.internal.util.concurrent,DetachedThreadLocal,DetachedThreadLocal,Missing default
main,org.mockito.internal.util.concurrent,WeakConcurrentSet,WeakConcurrentSet,Missing default
main,org.mockito.internal.util.io,IOUtil,closeQuietly,Empty catch clause
main,org.mockito.internal.util.reflection,AccessibilityChanger,safelyDisableAccess,Empty catch clause
main,org.mockito.internal.util.reflection,BeanPropertySetter,set,Long Statement
main,org.mockito.internal.util.reflection,BeanPropertySetter,set,Long Statement
main,org.mockito.internal.util.reflection,BeanPropertySetter,setterName,Long Statement
main,org.mockito.internal.util.reflection,BeanPropertySetter,reportNoSetterFound,Long Statement
main,org.mockito.internal.util.reflection,FieldInitializationReport,FieldInitializationReport,Long Identifier
main,org.mockito.internal.util.reflection,FieldInitializationReport,fieldWasInitializedUsingContructorArgs,Long Identifier
main,org.mockito.internal.util.reflection,FieldInitializer,initialize,Long Statement
main,org.mockito.internal.util.reflection,FieldInitializer,instantiate,Long Statement
main,org.mockito.internal.util.reflection,FieldInitializer,compare,Long Identifier
main,org.mockito.internal.util.reflection,FieldInitializer,instantiate,Long Statement
main,org.mockito.internal.util.reflection,FieldInitializer,instantiate,Long Statement
main,org.mockito.internal.util.reflection,FieldInitializer,checkParameterized,Long Statement
main,org.mockito.internal.util.reflection,NoArgConstructorInstantiator,instantiate,Long Statement
main,org.mockito.internal.util.reflection,ParameterizedConstructorInstantiator,compare,Long Identifier
main,org.mockito.internal.util.reflection,ParameterizedConstructorInstantiator,instantiate,Long Statement
main,org.mockito.internal.util.reflection,ParameterizedConstructorInstantiator,instantiate,Long Statement
main,org.mockito.internal.util.reflection,ParameterizedConstructorInstantiator,checkParameterized,Long Statement
main,org.mockito.internal.util.reflection,FieldSetter,setField,Long Statement
main,org.mockito.internal.util.reflection,FieldSetter,setField,Long Statement
main,org.mockito.internal.util.reflection,GenericMetadataSupport,extractRawTypeOf,Long Identifier
main,org.mockito.internal.util.reflection,GenericMetadataSupport,registerTypeVariablesOn,Long Identifier
main,org.mockito.internal.util.reflection,GenericMetadataSupport,registerTypeVariableIfNotPresent,Long Identifier
main,org.mockito.internal.util.reflection,GenericMetadataSupport,getActualTypeArgumentFor,Long Identifier
main,org.mockito.internal.util.reflection,GenericMetadataSupport,resolveGenericType,Long Statement
main,org.mockito.internal.util.reflection,GenericMetadataSupport,inferFrom,Long Statement
main,org.mockito.internal.util.reflection,GenericMetadataSupport,ParameterizedReturnType,Long Identifier
main,org.mockito.internal.util.reflection,GenericMetadataSupport,TypeVariableReturnType,Long Identifier
main,org.mockito.internal.util.reflection,GenericMetadataSupport,extractActualBoundedTypeOf,Long Identifier
main,org.mockito.internal.util.reflection,GenericMetadataSupport,rawType,Long Statement
main,org.mockito.internal.util.reflection,GenericMetadataSupport,NotGenericReturnTypeSupport,Long Identifier
main,org.mockito.internal.util.reflection,GenericArrayReturnType,rawType,Long Statement
main,org.mockito.internal.util.reflection,InstanceField,hashCode,Magic Number
main,org.mockito.internal.util.reflection,LenientCopyTool,copyValues,Empty catch clause
main,org.mockito.internal.verification.argumentmatching,ArgumentMatchingTool,getSuspiciouslyNotMatchingArgsIndexes,Complex Conditional
main,org.mockito.internal.verification.argumentmatching,ArgumentMatchingTool,getSuspiciouslyNotMatchingArgsIndexes,Long Statement
main,org.mockito.internal.verification,VerificationWrapperInOrderWrapper,VerificationWrapperInOrderWrapper,Long Identifier
main,org.mockito.internal.verification,VerificationWrapperInOrderWrapper,wrapInOrder,Long Statement
main,org.mockito.internal.verification,VerificationWrapperInOrderWrapper,wrapInOrder,Long Statement
main,org.mockito.invocation,InvocationFactory,createInvocation,Long Parameter List
main,org.mockito.invocation,InvocationFactory,createInvocation,Long Parameter List
main,org.mockito.stubbing,Answer5,answer,Long Parameter List
main,org.mockito.stubbing,VoidAnswer5,answer,Long Parameter List
main,org.mockito.verification,After,After,Magic Number
main,org.mockito.verification,Timeout,Timeout,Magic Number
