Project Name,Package Name,Type Name,Code Smell
main,org.mockito,AdditionalAnswers,Unutilized Abstraction
main,org.mockito,AdditionalMatchers,Insufficient Modularization
main,org.mockito,ArgumentMatchers,Insufficient Modularization
main,org.mockito,BDDMockito,Unutilized Abstraction
main,org.mockito,BDDMockito,Broken Hierarchy
main,org.mockito,BDDMockito,Insufficient Modularization
main,org.mockito,BDDMyOngoingStubbing,Unutilized Abstraction
main,org.mockito,BDDOngoingStubbingImpl,Unutilized Abstraction
main,org.mockito,Then,Unutilized Abstraction
main,org.mockito,ThenImpl,Unutilized Abstraction
main,org.mockito,BDDStubber,Unutilized Abstraction
main,org.mockito,BDDStubberImpl,Unutilized Abstraction
main,org.mockito,Matchers,Unnecessary Abstraction
main,org.mockito,Matchers,Unutilized Abstraction
main,org.mockito,Mockito,Deficient Encapsulation
main,org.mockito,Mockito,Broken Hierarchy
main,org.mockito,Mockito,Cyclic-Dependent Modularization
main,org.mockito,Mockito,Insufficient Modularization
main,org.mockito,MockitoDebugger,Unutilized Abstraction
main,org.mockito,MockitoFramework,Unutilized Abstraction
main,org.mockito.configuration,AnnotationEngine,Unnecessary Abstraction
main,org.mockito.configuration,AnnotationEngine,Unutilized Abstraction
main,org.mockito.configuration,DefaultMockitoConfiguration,Unutilized Abstraction
main,org.mockito.creation.instance,InstantiationException,Unutilized Abstraction
main,org.mockito.exceptions.base,MockitoException,Unutilized Abstraction
main,org.mockito.exceptions.base,MockitoInitializationException,Unutilized Abstraction
main,org.mockito.exceptions.base,MockitoSerializationIssue,Unutilized Abstraction
main,org.mockito.exceptions.misusing,CannotStubVoidMethodWithReturnValue,Unutilized Abstraction
main,org.mockito.exceptions.misusing,CannotVerifyStubOnlyMock,Unutilized Abstraction
main,org.mockito.exceptions.misusing,FriendlyReminderException,Unutilized Abstraction
main,org.mockito.exceptions.misusing,InjectMocksException,Unutilized Abstraction
main,org.mockito.exceptions.misusing,InvalidUseOfMatchersException,Unutilized Abstraction
main,org.mockito.exceptions.misusing,MissingMethodInvocationException,Unutilized Abstraction
main,org.mockito.exceptions.misusing,MockitoConfigurationException,Unutilized Abstraction
main,org.mockito.exceptions.misusing,NotAMockException,Unutilized Abstraction
main,org.mockito.exceptions.misusing,NullInsteadOfMockException,Unutilized Abstraction
main,org.mockito.exceptions.misusing,PotentialStubbingProblem,Unutilized Abstraction
main,org.mockito.exceptions.misusing,RedundantListenerException,Unutilized Abstraction
main,org.mockito.exceptions.misusing,UnfinishedMockingSessionException,Unutilized Abstraction
main,org.mockito.exceptions.misusing,UnfinishedStubbingException,Unutilized Abstraction
main,org.mockito.exceptions.misusing,UnfinishedVerificationException,Unutilized Abstraction
main,org.mockito.exceptions.misusing,UnnecessaryStubbingException,Unutilized Abstraction
main,org.mockito.exceptions.misusing,WrongTypeOfReturnValue,Unutilized Abstraction
main,org.mockito.exceptions.verification,ArgumentsAreDifferent,Unutilized Abstraction
main,org.mockito.exceptions.verification,MoreThanAllowedActualInvocations,Unutilized Abstraction
main,org.mockito.exceptions.verification,NeverWantedButInvoked,Unutilized Abstraction
main,org.mockito.exceptions.verification,NoInteractionsWanted,Unutilized Abstraction
main,org.mockito.exceptions.verification,SmartNullPointerException,Unutilized Abstraction
main,org.mockito.exceptions.verification,TooLittleActualInvocations,Unutilized Abstraction
main,org.mockito.exceptions.verification,TooManyActualInvocations,Unutilized Abstraction
main,org.mockito.exceptions.verification,VerificationInOrderFailure,Unutilized Abstraction
main,org.mockito.exceptions.verification,WantedButNotInvoked,Unutilized Abstraction
main,org.mockito.exceptions.verification.junit,ArgumentsAreDifferent,Unutilized Abstraction
main,org.mockito.hamcrest,MockitoHamcrest,Unutilized Abstraction
main,org.mockito.internal.configuration,CaptorAnnotationProcessor,Unutilized Abstraction
main,org.mockito.internal.configuration,ClassPathLoader,Unutilized Abstraction
main,org.mockito.internal.configuration,ClassPathLoader,Deficient Encapsulation
main,org.mockito.internal.configuration,DefaultInjectionEngine,Unutilized Abstraction
main,org.mockito.internal.configuration,IndependentAnnotationEngine,Unutilized Abstraction
main,org.mockito.internal.configuration,InjectingAnnotationEngine,Unutilized Abstraction
main,org.mockito.internal.configuration.injection,ConstructorInjection,Unutilized Abstraction
main,org.mockito.internal.configuration.injection,OngoingMockInjection,Unutilized Abstraction
main,org.mockito.internal.configuration.injection,PropertyAndSetterInjection,Unutilized Abstraction
main,org.mockito.internal.configuration.injection,SpyOnInjectedFieldsHandler,Unutilized Abstraction
main,org.mockito.internal.configuration.injection.filter,NameBasedCandidateFilter,Unutilized Abstraction
main,org.mockito.internal.configuration.injection.filter,TerminalMockCandidateFilter,Unutilized Abstraction
main,org.mockito.internal.configuration.injection.filter,TypeBasedCandidateFilter,Unutilized Abstraction
main,org.mockito.internal.configuration.injection.scanner,InjectMocksScanner,Unutilized Abstraction
main,org.mockito.internal.configuration.injection.scanner,MockScanner,Unutilized Abstraction
main,org.mockito.internal.configuration.plugins,DefaultPluginSwitch,Unutilized Abstraction
main,org.mockito.internal.configuration.plugins,PluginFinder,Unutilized Abstraction
main,org.mockito.internal.configuration.plugins,PluginLoader,Unutilized Abstraction
main,org.mockito.internal.creation.bytebuddy,CrossClassLoaderSerializationProxy,Unutilized Abstraction
main,org.mockito.internal.creation.bytebuddy,MockitoMockObjectInputStream,Unutilized Abstraction
main,org.mockito.internal.creation.bytebuddy,MockitoMockObjectOutputStream,Unutilized Abstraction
main,org.mockito.internal.creation.bytebuddy,ByteBuddyMockMaker,Unutilized Abstraction
main,org.mockito.internal.creation.bytebuddy,InlineByteBuddyMockMaker,Unutilized Abstraction
main,org.mockito.internal.creation.bytebuddy,ParameterWritingVisitorWrapper,Unutilized Abstraction
main,org.mockito.internal.creation.bytebuddy,ParameterAddingClassVisitor,Unutilized Abstraction
main,org.mockito.internal.creation.bytebuddy,MethodParameterStrippingMethodVisitor,Unutilized Abstraction
main,org.mockito.internal.creation.bytebuddy,MockAccess,Cyclic-Dependent Modularization
main,org.mockito.internal.creation.bytebuddy,RealMethodCall,Unutilized Abstraction
main,org.mockito.internal.creation.bytebuddy,SerializableRealMethodCall,Unutilized Abstraction
main,org.mockito.internal.creation.bytebuddy,ReturnValueWrapper,Unutilized Abstraction
main,org.mockito.internal.creation.bytebuddy,ForHashCode,Unutilized Abstraction
main,org.mockito.internal.creation.bytebuddy,ForEquals,Unutilized Abstraction
main,org.mockito.internal.creation.bytebuddy,ForReadObject,Unutilized Abstraction
main,org.mockito.internal.creation.bytebuddy,MockMethodInterceptor,Cyclic-Dependent Modularization
main,org.mockito.internal.creation.bytebuddy,ForHashCode,Unutilized Abstraction
main,org.mockito.internal.creation.bytebuddy,ForEquals,Unutilized Abstraction
main,org.mockito.internal.creation.bytebuddy,ForWriteReplace,Unutilized Abstraction
main,org.mockito.internal.creation.bytebuddy,DispatcherDefaultingToRealMethod,Unutilized Abstraction
main,org.mockito.internal.creation.bytebuddy,ModuleSystemFound,Unutilized Abstraction
main,org.mockito.internal.creation.bytebuddy,NoModuleSystemFound,Unutilized Abstraction
main,org.mockito.internal.creation.bytebuddy,WithReflection,Unutilized Abstraction
main,org.mockito.internal.creation.bytebuddy,WithLookup,Unutilized Abstraction
main,org.mockito.internal.creation.bytebuddy,TypeCachingBytecodeGenerator,Unutilized Abstraction
main,org.mockito.internal.creation,MockSettingsImpl,Cyclic-Dependent Modularization
main,org.mockito.internal.creation,MockSettingsImpl,Insufficient Modularization
main,org.mockito.internal.creation.instance,DefaultInstantiatorProvider,Unutilized Abstraction
main,org.mockito.internal.creation.instance,InstantiationException,Unutilized Abstraction
main,org.mockito.internal.creation.instance,InstantiatorProvider2Adapter,Unutilized Abstraction
main,org.mockito.internal.creation.instance,InstantiatorProviderAdapter,Unutilized Abstraction
main,org.mockito.internal.creation.instance,ObjenesisInstantiator,Unutilized Abstraction
main,org.mockito.internal.creation.settings,CreationSettings,Insufficient Modularization
main,org.mockito.internal.creation.util,MockitoMethodProxy,Unutilized Abstraction
main,org.mockito.internal.debugging,InvocationsPrinter,Unutilized Abstraction
main,org.mockito.internal.debugging,LocationImpl,Unutilized Abstraction
main,org.mockito.internal.debugging,MockitoDebuggerImpl,Unutilized Abstraction
main,org.mockito.internal.debugging,VerboseMockInvocationLogger,Unutilized Abstraction
main,org.mockito.internal.debugging,WarningsPrinterImpl,Unutilized Abstraction
main,org.mockito.internal.exceptions,Reporter,Cyclic-Dependent Modularization
main,org.mockito.internal.exceptions,Reporter,Insufficient Modularization
main,org.mockito.internal.exceptions,VerificationAwareInvocation,Unutilized Abstraction
main,org.mockito.internal.exceptions.stacktrace,DefaultStackTraceCleanerProvider,Unutilized Abstraction
main,org.mockito.internal.framework,DefaultMockitoFramework,Unutilized Abstraction
main,org.mockito.internal.framework,DefaultMockitoSession,Unutilized Abstraction
main,org.mockito.internal.hamcrest,HamcrestArgumentMatcher,Unutilized Abstraction
main,org.mockito.internal.hamcrest,MatcherGenericTypeExtractor,Unutilized Abstraction
main,org.mockito.internal.handler,InvocationNotifierHandler,Unutilized Abstraction
main,org.mockito.internal.handler,MockHandlerFactory,Unutilized Abstraction
main,org.mockito.internal.handler,MockHandlerImpl,Unutilized Abstraction
main,org.mockito.internal.handler,NullResultGuardian,Unutilized Abstraction
main,org.mockito.internal,InternalMockHandler,Unnecessary Abstraction
main,org.mockito.internal,InternalMockHandler,Unutilized Abstraction
main,org.mockito.internal,MockitoCore,Cyclic-Dependent Modularization
main,org.mockito.internal.invocation,AbstractAwareMethod,Unutilized Abstraction
main,org.mockito.internal.invocation,InterceptedInvocation,Deficient Encapsulation
main,org.mockito.internal.invocation,InterceptedInvocation,Insufficient Modularization
main,org.mockito.internal.invocation,RemoveNotMatching,Unutilized Abstraction
main,org.mockito.internal.invocation,RemoveUnverifiedInOrder,Unutilized Abstraction
main,org.mockito.internal.invocation,MockitoMethod,Unutilized Abstraction
main,org.mockito.internal.invocation,FromCallable,Unutilized Abstraction
main,org.mockito.internal.invocation,FromCallable,Broken Hierarchy
main,org.mockito.internal.invocation,FromCallable,Multipath Hierarchy
main,org.mockito.internal.invocation,FromBehavior,Unutilized Abstraction
main,org.mockito.internal.invocation,StubInfoImpl,Unutilized Abstraction
main,org.mockito.internal.invocation.finder,RemoveIgnoredForVerification,Unutilized Abstraction
main,org.mockito.internal.invocation.mockref,MockStrongReference,Unutilized Abstraction
main,org.mockito.internal.junit,ArgMismatchFinder,Unutilized Abstraction
main,org.mockito.internal.junit,DefaultTestFinishedEvent,Unutilized Abstraction
main,org.mockito.internal.junit,JUnitRule,Unutilized Abstraction
main,org.mockito.internal.junit,MismatchReportingTestListener,Unutilized Abstraction
main,org.mockito.internal.junit,NoOpTestListener,Unutilized Abstraction
main,org.mockito.internal.junit,StrictStubsRunnerTestListener,Unutilized Abstraction
main,org.mockito.internal.junit,UnusedStubbingsFinder,Unutilized Abstraction
main,org.mockito.internal.junit,VerificationCollectorImpl,Unutilized Abstraction
main,org.mockito.internal.junit,VerificationWrapper,Unutilized Abstraction
main,org.mockito.internal.listeners,AutoCleanableListener,Unutilized Abstraction
main,org.mockito.internal.listeners,StubbingLookupNotifier,Unutilized Abstraction
main,org.mockito.internal.listeners,Event,Unutilized Abstraction
main,org.mockito.internal.listeners,VerificationStartedNotifier,Cyclic-Dependent Modularization
main,org.mockito.internal.listeners,Event,Unutilized Abstraction
main,org.mockito.internal.matchers,And,Unutilized Abstraction
main,org.mockito.internal.matchers,Any,Unutilized Abstraction
main,org.mockito.internal.matchers,Any,Deficient Encapsulation
main,org.mockito.internal.matchers,Any,Broken Hierarchy
main,org.mockito.internal.matchers,CapturesArguments,Unutilized Abstraction
main,org.mockito.internal.matchers,CapturingMatcher,Unutilized Abstraction
main,org.mockito.internal.matchers,CapturingMatcher,Broken Hierarchy
main,org.mockito.internal.matchers,CompareEqual,Unutilized Abstraction
main,org.mockito.internal.matchers,CompareEqual,Broken Hierarchy
main,org.mockito.internal.matchers,CompareTo,Unutilized Abstraction
main,org.mockito.internal.matchers,Contains,Unutilized Abstraction
main,org.mockito.internal.matchers,ContainsExtraTypeInfo,Unutilized Abstraction
main,org.mockito.internal.matchers,EndsWith,Unutilized Abstraction
main,org.mockito.internal.matchers,Equals,Unutilized Abstraction
main,org.mockito.internal.matchers,EqualsWithDelta,Unutilized Abstraction
main,org.mockito.internal.matchers,Find,Unutilized Abstraction
main,org.mockito.internal.matchers,GreaterOrEqual,Unutilized Abstraction
main,org.mockito.internal.matchers,GreaterOrEqual,Broken Hierarchy
main,org.mockito.internal.matchers,GreaterThan,Unutilized Abstraction
main,org.mockito.internal.matchers,GreaterThan,Broken Hierarchy
main,org.mockito.internal.matchers,InstanceOf,Unutilized Abstraction
main,org.mockito.internal.matchers,VarArgAware,Unutilized Abstraction
main,org.mockito.internal.matchers,VarArgAware,Broken Hierarchy
main,org.mockito.internal.matchers,LessOrEqual,Unutilized Abstraction
main,org.mockito.internal.matchers,LessOrEqual,Broken Hierarchy
main,org.mockito.internal.matchers,LessThan,Unutilized Abstraction
main,org.mockito.internal.matchers,LessThan,Broken Hierarchy
main,org.mockito.internal.matchers,LocalizedMatcher,Unutilized Abstraction
main,org.mockito.internal.matchers,Matches,Unutilized Abstraction
main,org.mockito.internal.matchers,Not,Unutilized Abstraction
main,org.mockito.internal.matchers,NotNull,Deficient Encapsulation
main,org.mockito.internal.matchers,Null,Deficient Encapsulation
main,org.mockito.internal.matchers,Or,Unutilized Abstraction
main,org.mockito.internal.matchers,Same,Unutilized Abstraction
main,org.mockito.internal.matchers,StartsWith,Unutilized Abstraction
main,org.mockito.internal.matchers,VarargMatcher,Unnecessary Abstraction
main,org.mockito.internal.matchers,VarargMatcher,Unutilized Abstraction
main,org.mockito.internal.matchers.apachecommons,EqualsBuilder,Insufficient Modularization
main,org.mockito.internal.matchers.apachecommons,ReflectionEquals,Unutilized Abstraction
main,org.mockito.internal.matchers.text,FormattedText,Unutilized Abstraction
main,org.mockito.internal.matchers.text,MatchersPrinter,Cyclic-Dependent Modularization
main,org.mockito.internal.progress,ArgumentMatcherStorageImpl,Unutilized Abstraction
main,org.mockito.internal.progress,MockingProgressImpl,Insufficient Modularization
main,org.mockito.internal.progress,ThreadSafeMockingProgress,Unutilized Abstraction
main,org.mockito.internal.reporting,PrintSettings,Deficient Encapsulation
main,org.mockito.internal.reporting,PrintSettings,Cyclic-Dependent Modularization
main,org.mockito.internal.runners,DefaultInternalRunner,Unutilized Abstraction
main,org.mockito.internal.runners,DefaultInternalRunner,Deficient Encapsulation
main,org.mockito.internal.runners,RunnerFactory,Unutilized Abstraction
main,org.mockito.internal.runners,StrictRunner,Unutilized Abstraction
main,org.mockito.internal.runners.util,RunnerProvider,Unutilized Abstraction
main,org.mockito.internal.runners.util,TestMethodsFinder,Unutilized Abstraction
main,org.mockito.internal.session,DefaultMockitoSessionBuilder,Unutilized Abstraction
main,org.mockito.internal.session,MockitoLoggerAdapter,Unutilized Abstraction
main,org.mockito.internal.session,MockitoSessionLoggerAdapter,Unutilized Abstraction
main,org.mockito.internal.stubbing.answers,AnswerFunctionalInterfaces,Unutilized Abstraction
main,org.mockito.internal.stubbing.answers,AnswerFunctionalInterfaces,Insufficient Modularization
main,org.mockito.internal.stubbing.answers,AnswersWithDelay,Unutilized Abstraction
main,org.mockito.internal.stubbing.answers,CallsRealMethods,Unutilized Abstraction
main,org.mockito.internal.stubbing.answers,ClonesArguments,Unutilized Abstraction
main,org.mockito.internal.stubbing.answers,Returns,Unutilized Abstraction
main,org.mockito.internal.stubbing.answers,ReturnsArgumentAt,Deficient Encapsulation
main,org.mockito.internal.stubbing.answers,ReturnsElementsOf,Unutilized Abstraction
main,org.mockito.internal.stubbing.answers,ThrowsException,Unutilized Abstraction
main,org.mockito.internal.stubbing,BaseStubbing,Unutilized Abstraction
main,org.mockito.internal.stubbing,ConsecutiveStubbing,Unutilized Abstraction
main,org.mockito.internal.stubbing,ConsecutiveStubbing,Broken Hierarchy
main,org.mockito.internal.stubbing,OngoingStubbingImpl,Unutilized Abstraction
main,org.mockito.internal.stubbing,OngoingStubbingImpl,Broken Hierarchy
main,org.mockito.internal.stubbing,StrictnessSelector,Unutilized Abstraction
main,org.mockito.internal.stubbing,StubberImpl,Unutilized Abstraction
main,org.mockito.internal.stubbing,StubbingComparator,Unutilized Abstraction
main,org.mockito.internal.stubbing.defaultanswers,GloballyConfiguredAnswer,Unutilized Abstraction
main,org.mockito.internal.stubbing.defaultanswers,ReturnsDeepStubsSerializationFallback,Unutilized Abstraction
main,org.mockito.internal.stubbing.defaultanswers,LazyHolder,Unnecessary Abstraction
main,org.mockito.internal.stubbing.defaultanswers,ReturnsMoreEmptyValues,Unutilized Abstraction
main,org.mockito.internal.stubbing.defaultanswers,ReturnsSmartNulls,Unutilized Abstraction
main,org.mockito.internal.stubbing.defaultanswers,ThrowsSmartNullPointer,Unutilized Abstraction
main,org.mockito.internal.stubbing.defaultanswers,TriesToReturnSelf,Unutilized Abstraction
main,org.mockito.internal.util,ConsoleMockitoLogger,Unutilized Abstraction
main,org.mockito.internal.util,DefaultMockingDetails,Unutilized Abstraction
main,org.mockito.internal.util,MockCreationValidator,Cyclic-Dependent Modularization
main,org.mockito.internal.util,MockUtil,Cyclic-Dependent Modularization
main,org.mockito.internal.util,ObjectMethodsGuru,Unutilized Abstraction
main,org.mockito.internal.util,Platform,Deficient Encapsulation
main,org.mockito.internal.util.collections,HashCodeAndEqualsSafeSet,Insufficient Modularization
main,org.mockito.internal.util.collections,Sets,Unutilized Abstraction
main,org.mockito.internal.util.concurrent,WeakConcurrentMap,Deficient Encapsulation
main,org.mockito.internal.util.concurrent,WeakConcurrentMap,Insufficient Modularization
main,org.mockito.internal.util.concurrent,WeakKey,Unutilized Abstraction
main,org.mockito.internal.util.concurrent,LatentKey,Unutilized Abstraction
main,org.mockito.internal.util.concurrent,WithInlinedExpunction,Unutilized Abstraction
main,org.mockito.internal.util.concurrent,EntryIterator,Unutilized Abstraction
main,org.mockito.internal.util.concurrent,SimpleEntry,Unutilized Abstraction
main,org.mockito.internal.util.concurrent,ReducingIterator,Unutilized Abstraction
main,org.mockito.internal.util.reflection,BeanPropertySetter,Unutilized Abstraction
main,org.mockito.internal.util.reflection,FieldInitializer,Unutilized Abstraction
main,org.mockito.internal.util.reflection,NoArgConstructorInstantiator,Unutilized Abstraction
main,org.mockito.internal.util.reflection,ParameterizedConstructorInstantiator,Unutilized Abstraction
main,org.mockito.internal.util.reflection,InstanceFields,Unutilized Abstraction
main,org.mockito.internal.util.reflection,FieldSetter,Unutilized Abstraction
main,org.mockito.internal.util.reflection,GenericMaster,Unutilized Abstraction
main,org.mockito.internal.util.reflection,GenericMetadataSupport,Insufficient Modularization
main,org.mockito.internal.util.reflection,FromClassGenericMetadataSupport,Unutilized Abstraction
main,org.mockito.internal.util.reflection,FromParameterizedTypeGenericMetadataSupport,Unutilized Abstraction
main,org.mockito.internal.util.reflection,ParameterizedReturnType,Unutilized Abstraction
main,org.mockito.internal.util.reflection,TypeVariableReturnType,Unutilized Abstraction
main,org.mockito.internal.util.reflection,GenericArrayReturnType,Unutilized Abstraction
main,org.mockito.internal.util.reflection,NotGenericReturnTypeSupport,Unutilized Abstraction
main,org.mockito.internal.util.reflection,BoundedType,Unutilized Abstraction
main,org.mockito.internal.util.reflection,TypeVarBoundedType,Unutilized Abstraction
main,org.mockito.internal.util.reflection,WildCardBoundedType,Unutilized Abstraction
main,org.mockito.internal.util.reflection,LenientCopyTool,Unutilized Abstraction
main,org.mockito.internal.util.reflection,SuperTypesLastSorter,Unutilized Abstraction
main,org.mockito.internal.verification,AtLeast,Unutilized Abstraction
main,org.mockito.internal.verification,AtMost,Unutilized Abstraction
main,org.mockito.internal.verification,Calls,Unutilized Abstraction
main,org.mockito.internal.verification,DefaultRegisteredInvocations,Unutilized Abstraction
main,org.mockito.internal.verification,RemoveToString,Unutilized Abstraction
main,org.mockito.internal.verification,Description,Unutilized Abstraction
main,org.mockito.internal.verification,InOrderContextImpl,Unutilized Abstraction
main,org.mockito.internal.verification,InOrderWrapper,Unutilized Abstraction
main,org.mockito.internal.verification,MockAwareVerificationMode,Unutilized Abstraction
main,org.mockito.internal.verification,NoMoreInteractions,Unutilized Abstraction
main,org.mockito.internal.verification,Only,Unutilized Abstraction
main,org.mockito.internal.verification,SingleRegisteredInvocation,Unutilized Abstraction
main,org.mockito.internal.verification,Times,Unutilized Abstraction
main,org.mockito.internal.verification,VerificationEventImpl,Unutilized Abstraction
main,org.mockito.internal.verification,VerificationOverTimeImpl,Missing Hierarchy
main,org.mockito.internal.verification,VerificationWrapperInOrderWrapper,Unutilized Abstraction
main,org.mockito.internal.verification.checkers,AtLeastDiscrepancy,Unutilized Abstraction
main,org.mockito.internal.verification.checkers,AtLeastXNumberOfInvocationsChecker,Unutilized Abstraction
main,org.mockito.internal.verification.checkers,NumberOfInvocationsChecker,Unutilized Abstraction
main,org.mockito.invocation,Invocation,Rebellious Hierarchy
main,org.mockito.invocation,InvocationContainer,Unnecessary Abstraction
main,org.mockito.invocation,InvocationContainer,Unutilized Abstraction
main,org.mockito.junit,MockitoJUnit,Unutilized Abstraction
main,org.mockito.junit,MockitoJUnitRunner,Unutilized Abstraction
main,org.mockito.junit,Silent,Unutilized Abstraction
main,org.mockito.junit,Strict,Unutilized Abstraction
main,org.mockito.junit,StrictStubs,Unutilized Abstraction
main,org.mockito.junit,MockitoRule,Unutilized Abstraction
main,org.mockito.junit,VerificationCollector,Unutilized Abstraction
main,org.mockito.listeners,MockCreationListener,Unutilized Abstraction
main,org.mockito.listeners,MockitoListener,Unnecessary Abstraction
main,org.mockito.listeners,VerificationListener,Unutilized Abstraction
main,org.mockito.plugins,MockitoPlugins,Unutilized Abstraction
main,org.mockito.plugins,TypeMockability,Unutilized Abstraction
main,org.mockito.quality,MockitoHint,Unnecessary Abstraction
main,org.mockito.quality,MockitoHint,Unutilized Abstraction
main,org.mockito.runners,ConsoleSpammingMockitoJUnitRunner,Unutilized Abstraction
main,org.mockito.runners,MockitoJUnitRunner,Unutilized Abstraction
main,org.mockito.runners,Silent,Unutilized Abstraction
main,org.mockito.runners,Strict,Unutilized Abstraction
main,org.mockito.runners,VerboseMockitoJUnitRunner,Unutilized Abstraction
main,org.mockito.session,MockitoSessionBuilder,Unutilized Abstraction
main,org.mockito.stubbing,BaseStubber,Unutilized Abstraction
main,org.mockito.stubbing,LenientStubber,Unutilized Abstraction
main,org.mockito.stubbing,Stubber,Unutilized Abstraction
main,org.mockito.stubbing,ValidableAnswer,Unutilized Abstraction
main,org.mockito.verification,After,Unutilized Abstraction
main,org.mockito.verification,After,Broken Hierarchy
main,org.mockito.verification,Timeout,Unutilized Abstraction
main,org.mockito.verification,Timeout,Broken Hierarchy
main,org.mockito.verification,VerificationAfterDelay,Unutilized Abstraction
main,org.mockito.verification,VerificationWithTimeout,Unutilized Abstraction
