Project Name,Package Name,Type Name,NOF,NOPF,NOM,NOPM,LOC,WMC,NC,DIT,LCOM,FANIN,FANOUT
main,org.mockito,AdditionalAnswers,0,0,17,17,197,17,0,0,-1.0,0,12
main,org.mockito,AdditionalMatchers,0,0,69,68,644,69,0,0,-1.0,2,2
main,org.mockito,ArgumentCaptor,2,0,5,4,44,5,0,0,0.0,1,2
main,org.mockito,ArgumentMatcher,0,0,1,0,13,1,0,0,-1.0,14,0
main,org.mockito,ArgumentMatchers,0,0,57,56,586,59,2,0,-1.0,1,7
main,org.mockito,BDDMockito,3,0,66,39,358,66,0,2,0.5757575757575758,0,6
main,org.mockito,BDDMyOngoingStubbing,0,0,9,0,51,9,1,0,-1.0,0,1
main,org.mockito,BDDOngoingStubbingImpl,1,0,10,10,33,10,0,1,0.0,0,2
main,org.mockito,Then,0,0,6,0,37,6,1,0,-1.0,0,2
main,org.mockito,ThenImpl,1,0,7,6,48,7,0,1,0.0,0,2
main,org.mockito,BDDStubber,0,0,11,0,62,11,1,0,-1.0,0,1
main,org.mockito,BDDStubberImpl,1,0,12,12,42,12,0,1,0.0,0,2
main,org.mockito,InOrder,0,0,3,0,22,3,0,0,-1.0,3,1
main,org.mockito,Matchers,0,0,0,0,5,0,0,1,-1.0,0,0
main,org.mockito,MockingDetails,0,0,8,0,50,8,0,0,-1.0,3,0
main,org.mockito,Mockito,7,6,40,39,350,40,1,1,0.275,18,6
main,org.mockito,MockitoAnnotations,0,0,1,1,15,2,0,0,-1.0,3,1
main,org.mockito,MockitoDebugger,0,0,1,0,9,1,0,0,-1.0,0,0
main,org.mockito,MockitoFramework,0,0,6,0,45,6,0,0,-1.0,0,1
main,org.mockito,MockitoSession,0,0,3,0,25,3,0,0,-1.0,1,0
main,org.mockito,MockSettings,0,0,16,0,103,16,0,0,-1.0,5,4
main,org.mockito.codegen,InjectionBase,0,0,1,0,8,1,0,0,-1.0,2,0
main,org.mockito.configuration,AnnotationEngine,0,0,0,0,6,0,0,0,-1.0,0,0
main,org.mockito.configuration,DefaultMockitoConfiguration,0,0,4,4,17,4,0,1,-1.0,0,0
main,org.mockito.configuration,IMockitoConfiguration,0,0,4,0,23,4,1,0,-1.0,2,0
main,org.mockito.creation.instance,InstantiationException,0,0,1,1,12,1,0,0,-1.0,0,0
main,org.mockito.creation.instance,Instantiator,0,0,1,0,11,1,0,0,-1.0,3,0
main,org.mockito.exceptions.base,MockitoAssertionError,2,0,3,3,27,3,0,0,0.0,1,2
main,org.mockito.exceptions.base,MockitoException,2,0,4,3,23,4,0,0,0.0,0,1
main,org.mockito.exceptions.base,MockitoInitializationException,1,0,2,2,9,2,0,0,1.0,0,0
main,org.mockito.exceptions.base,MockitoSerializationIssue,1,0,3,2,20,3,0,0,0.0,0,1
main,org.mockito.exceptions.misusing,CannotStubVoidMethodWithReturnValue,0,0,1,1,5,1,0,0,-1.0,0,0
main,org.mockito.exceptions.misusing,CannotVerifyStubOnlyMock,0,0,1,1,5,1,0,0,-1.0,0,0
main,org.mockito.exceptions.misusing,FriendlyReminderException,1,0,1,1,6,1,0,0,0.0,0,0
main,org.mockito.exceptions.misusing,InjectMocksException,0,0,1,1,8,1,0,0,-1.0,0,0
main,org.mockito.exceptions.misusing,InvalidUseOfMatchersException,1,0,2,2,9,2,0,0,1.0,0,0
main,org.mockito.exceptions.misusing,MissingMethodInvocationException,1,0,1,1,6,1,0,0,0.0,0,0
main,org.mockito.exceptions.misusing,MockitoConfigurationException,1,0,2,2,9,2,0,0,1.0,0,0
main,org.mockito.exceptions.misusing,NotAMockException,1,0,1,1,6,1,0,0,0.0,0,0
main,org.mockito.exceptions.misusing,NullInsteadOfMockException,1,0,1,1,6,1,0,0,0.0,0,0
main,org.mockito.exceptions.misusing,PotentialStubbingProblem,0,0,1,1,9,1,0,0,-1.0,0,0
main,org.mockito.exceptions.misusing,RedundantListenerException,0,0,1,1,9,1,0,0,-1.0,0,0
main,org.mockito.exceptions.misusing,UnfinishedMockingSessionException,0,0,1,1,9,1,0,0,-1.0,0,0
main,org.mockito.exceptions.misusing,UnfinishedStubbingException,1,0,1,1,6,1,0,0,0.0,0,0
main,org.mockito.exceptions.misusing,UnfinishedVerificationException,1,0,1,1,6,1,0,0,0.0,0,0
main,org.mockito.exceptions.misusing,UnnecessaryStubbingException,0,0,1,1,8,1,0,0,-1.0,0,0
main,org.mockito.exceptions.misusing,WrongTypeOfReturnValue,1,0,1,1,6,1,0,0,0.0,0,0
main,org.mockito.exceptions.stacktrace,StackTraceCleaner,0,0,1,0,11,1,0,0,-1.0,3,0
main,org.mockito.exceptions.verification,ArgumentsAreDifferent,1,0,2,2,9,2,0,0,1.0,0,0
main,org.mockito.exceptions.verification,MoreThanAllowedActualInvocations,0,0,1,1,9,1,0,0,-1.0,0,0
main,org.mockito.exceptions.verification,NeverWantedButInvoked,1,0,1,1,6,1,0,0,0.0,0,0
main,org.mockito.exceptions.verification,NoInteractionsWanted,1,0,1,1,9,1,0,0,0.0,0,0
main,org.mockito.exceptions.verification,SmartNullPointerException,1,0,1,1,6,1,0,0,0.0,0,0
main,org.mockito.exceptions.verification,TooLittleActualInvocations,1,0,1,1,6,1,0,0,0.0,0,0
main,org.mockito.exceptions.verification,TooManyActualInvocations,1,0,1,1,6,1,0,0,0.0,0,0
main,org.mockito.exceptions.verification,VerificationInOrderFailure,1,0,1,1,6,1,0,0,0.0,0,0
main,org.mockito.exceptions.verification,WantedButNotInvoked,1,0,2,2,9,2,0,0,1.0,0,0
main,org.mockito.exceptions.verification.junit,ArgumentsAreDifferent,3,0,4,4,21,4,0,0,0.5,0,1
main,org.mockito.hamcrest,MockitoHamcrest,0,0,10,9,91,10,0,0,-1.0,0,0
main,org.mockito.internal.configuration,CaptorAnnotationProcessor,0,0,1,1,13,2,0,1,-1.0,0,1
main,org.mockito.internal.configuration,ClassPathLoader,1,1,1,1,27,1,0,0,0.0,0,0
main,org.mockito.internal.configuration,DefaultInjectionEngine,0,0,1,1,8,1,0,0,-1.0,0,1
main,org.mockito.internal.configuration,FieldAnnotationProcessor,0,0,1,0,6,1,2,0,-1.0,1,0
main,org.mockito.internal.configuration,GlobalConfiguration,2,0,9,7,47,12,0,0,0.2222222222222222,1,2
main,org.mockito.internal.configuration,IndependentAnnotationEngine,1,0,7,3,52,12,0,0,0.5714285714285714,0,1
main,org.mockito.internal.configuration,InjectingAnnotationEngine,2,0,4,2,43,6,0,0,0.0,0,1
main,org.mockito.internal.configuration,MockAnnotationProcessor,0,0,2,2,31,7,0,1,-1.0,1,3
main,org.mockito.internal.configuration,SpyAnnotationEngine,0,0,7,1,82,18,0,0,-1.0,1,4
main,org.mockito.internal.configuration.injection,ConstructorInjection,1,0,5,4,43,9,0,1,0.8,0,2
main,org.mockito.internal.configuration.injection,SimpleArgumentResolver,1,0,3,2,22,6,0,0,0.0,1,0
main,org.mockito.internal.configuration.injection,MockInjection,5,0,9,7,62,10,0,0,0.2222222222222222,1,1
main,org.mockito.internal.configuration.injection,OngoingMockInjection,5,0,7,5,39,8,0,0,0.0,0,1
main,org.mockito.internal.configuration.injection,MockInjectionStrategy,1,0,6,3,55,8,3,0,0.5,3,1
main,org.mockito.internal.configuration.injection,PropertyAndSetterInjection,2,0,6,2,59,10,0,1,0.3333333333333333,0,3
main,org.mockito.internal.configuration.injection,SpyOnInjectedFieldsHandler,0,0,1,0,24,3,0,1,-1.0,0,3
main,org.mockito.internal.configuration.injection.filter,MockCandidateFilter,0,0,1,0,3,1,3,0,-1.0,3,0
main,org.mockito.internal.configuration.injection.filter,NameBasedCandidateFilter,1,0,5,2,33,10,0,1,0.0,0,2
main,org.mockito.internal.configuration.injection.filter,OngoingInjector,1,0,2,1,19,2,0,0,-1.0,3,1
main,org.mockito.internal.configuration.injection.filter,TerminalMockCandidateFilter,0,0,2,2,25,5,0,1,-1.0,0,1
main,org.mockito.internal.configuration.injection.filter,TypeBasedCandidateFilter,1,0,2,2,15,4,0,1,0.0,0,1
main,org.mockito.internal.configuration.injection.scanner,InjectMocksScanner,1,0,4,2,42,8,0,0,0.5,0,0
main,org.mockito.internal.configuration.injection.scanner,MockScanner,2,0,6,2,54,10,0,0,0.0,0,2
main,org.mockito.internal.configuration.plugins,DefaultMockitoPlugins,2,0,4,2,43,6,0,0,0.0,3,0
main,org.mockito.internal.configuration.plugins,DefaultPluginSwitch,0,0,1,1,5,1,0,0,-1.0,0,0
main,org.mockito.internal.configuration.plugins,PluginFileReader,0,0,2,0,18,5,0,0,-1.0,1,2
main,org.mockito.internal.configuration.plugins,PluginFinder,1,0,2,1,29,5,0,0,0.0,0,2
main,org.mockito.internal.configuration.plugins,PluginInitializer,3,0,2,1,41,5,0,0,0.0,1,3
main,org.mockito.internal.configuration.plugins,PluginLoader,2,0,6,1,50,9,0,0,0.8333333333333334,0,3
main,org.mockito.internal.configuration.plugins,PluginRegistry,6,0,6,0,47,7,0,0,0.8333333333333334,1,8
main,org.mockito.internal.configuration.plugins,Plugins,1,0,6,6,42,6,0,0,0.3333333333333333,11,1
main,org.mockito.internal.creation.bytebuddy,ByteBuddyCrossClassLoaderSerializationSupport,11,0,14,4,185,17,0,0,0.5,1,4
main,org.mockito.internal.creation.bytebuddy,CrossClassLoaderSerializationProxy,4,0,2,1,46,2,0,0,0.0,0,2
main,org.mockito.internal.creation.bytebuddy,MockitoMockObjectInputStream,2,0,4,1,56,5,0,0,0.0,0,1
main,org.mockito.internal.creation.bytebuddy,MockitoMockObjectOutputStream,1,0,3,1,30,4,0,0,0.6666666666666666,0,0
main,org.mockito.internal.creation.bytebuddy,CrossClassLoaderSerializableMock,0,0,1,0,6,1,0,0,-1.0,1,0
main,org.mockito.internal.creation.bytebuddy,ByteBuddyMockMaker,1,0,5,5,21,5,0,1,0.0,0,3
main,org.mockito.internal.creation.bytebuddy,BytecodeGenerator,0,0,1,0,3,1,3,0,-1.0,4,1
main,org.mockito.internal.creation.bytebuddy,ClassCreatingMockMaker,0,0,1,0,3,1,3,0,-1.0,1,1
main,org.mockito.internal.creation.bytebuddy,InlineByteBuddyMockMaker,4,0,11,10,146,24,0,1,0.2727272727272727,0,9
main,org.mockito.internal.creation.bytebuddy,InlineBytecodeGenerator,13,0,14,7,175,31,0,1,0.35714285714285715,1,7
main,org.mockito.internal.creation.bytebuddy,ParameterWritingVisitorWrapper,2,0,6,4,36,8,0,0,0.6666666666666666,0,0
main,org.mockito.internal.creation.bytebuddy,ParameterAddingClassVisitor,1,0,2,1,20,4,0,0,0.0,0,0
main,org.mockito.internal.creation.bytebuddy,MethodParameterStrippingMethodVisitor,0,0,2,2,7,2,0,0,-1.0,0,0
main,org.mockito.internal.creation.bytebuddy,MockAccess,0,0,2,0,4,2,0,0,-1.0,6,1
main,org.mockito.internal.creation.bytebuddy,MockFeatures,4,0,2,1,15,2,0,0,0.0,6,0
main,org.mockito.internal.creation.bytebuddy,MockMethodAdvice,14,0,25,11,209,40,0,0,0.36,5,10
main,org.mockito.internal.creation.bytebuddy,RealMethodCall,4,0,3,2,22,4,0,0,0.6666666666666666,0,3
main,org.mockito.internal.creation.bytebuddy,SerializableRealMethodCall,4,0,3,2,32,5,0,0,0.6666666666666666,0,4
main,org.mockito.internal.creation.bytebuddy,ReturnValueWrapper,1,0,2,1,9,2,0,0,0.0,0,0
main,org.mockito.internal.creation.bytebuddy,SelfCallInfo,0,0,2,0,16,3,0,0,-1.0,2,0
main,org.mockito.internal.creation.bytebuddy,ForHashCode,0,0,2,0,11,3,0,0,-1.0,0,1
main,org.mockito.internal.creation.bytebuddy,ForEquals,0,0,2,0,11,3,0,0,-1.0,0,1
main,org.mockito.internal.creation.bytebuddy,ForReadObject,0,0,1,1,9,2,0,0,-1.0,0,3
main,org.mockito.internal.creation.bytebuddy,MockMethodInterceptor,4,0,10,8,52,12,0,0,0.4,6,7
main,org.mockito.internal.creation.bytebuddy,ForHashCode,0,0,1,1,5,1,0,0,-1.0,0,0
main,org.mockito.internal.creation.bytebuddy,ForEquals,0,0,1,1,5,1,0,0,-1.0,0,0
main,org.mockito.internal.creation.bytebuddy,ForWriteReplace,0,0,1,1,5,1,0,0,-1.0,0,1
main,org.mockito.internal.creation.bytebuddy,DispatcherDefaultingToRealMethod,0,0,2,2,14,4,0,0,-1.0,0,2
main,org.mockito.internal.creation.bytebuddy,ModuleHandler,13,0,21,0,162,33,2,0,0.38095238095238093,1,2
main,org.mockito.internal.creation.bytebuddy,ModuleSystemFound,13,0,8,0,127,20,0,1,0.25,0,2
main,org.mockito.internal.creation.bytebuddy,NoModuleSystemFound,0,0,6,0,19,6,0,1,-1.0,0,0
main,org.mockito.internal.creation.bytebuddy,SubclassByteBuddyMockMaker,1,0,13,9,85,22,0,1,0.7692307692307693,1,10
main,org.mockito.internal.creation.bytebuddy,SubclassBytecodeGenerator,11,0,9,4,103,21,0,1,0.3333333333333333,1,7
main,org.mockito.internal.creation.bytebuddy,SubclassInjectionLoader,5,0,9,6,82,14,0,1,0.5555555555555556,1,3
main,org.mockito.internal.creation.bytebuddy,WithReflection,0,0,2,2,8,2,0,1,-1.0,0,0
main,org.mockito.internal.creation.bytebuddy,WithLookup,3,0,3,2,41,6,0,1,0.6666666666666666,0,0
main,org.mockito.internal.creation.bytebuddy,SubclassLoader,0,0,2,0,18,2,3,0,-1.0,5,0
main,org.mockito.internal.creation.bytebuddy,TypeCachingBytecodeGenerator,5,0,6,5,51,10,0,1,0.0,0,3
main,org.mockito.internal.creation.bytebuddy,MockitoMockKey,2,0,3,2,22,6,0,0,0.0,2,1
main,org.mockito.internal.creation.bytebuddy.inject,MockMethodDispatcher,1,0,6,6,18,7,0,0,0.8333333333333334,7,1
main,org.mockito.internal.creation,DelegatingMethod,2,0,10,10,48,12,0,0,0.0,1,2
main,org.mockito.internal.creation,MockSettingsImpl,4,0,30,26,163,44,0,0,0.7333333333333333,2,8
main,org.mockito.internal.creation,SuspendMethod,2,0,2,1,16,3,0,0,0.0,3,1
main,org.mockito.internal.creation.instance,ConstructorInstantiator,2,0,11,2,125,31,0,1,0.18181818181818182,1,3
main,org.mockito.internal.creation.instance,DefaultInstantiatorProvider,1,0,1,1,11,2,0,0,0.0,0,2
main,org.mockito.internal.creation.instance,InstantiationException,0,0,1,1,8,1,0,0,-1.0,0,0
main,org.mockito.internal.creation.instance,Instantiator,0,0,1,0,9,1,2,0,-1.0,1,0
main,org.mockito.internal.creation.instance,InstantiatorProvider2Adapter,1,0,3,3,22,3,0,0,0.0,0,2
main,org.mockito.internal.creation.instance,InstantiatorProviderAdapter,1,0,3,3,22,3,0,0,0.0,0,2
main,org.mockito.internal.creation.instance,ObjenesisInstantiator,1,0,1,1,6,1,0,1,0.0,0,0
main,org.mockito.internal.creation.settings,CreationSettings,17,0,23,23,106,23,0,0,0.08695652173913043,4,3
main,org.mockito.internal.creation.util,MockitoMethodProxy,0,0,1,0,3,1,0,0,-1.0,0,0
main,org.mockito.internal.debugging,FindingsListener,0,0,3,0,5,3,1,0,-1.0,1,2
main,org.mockito.internal.debugging,InvocationsPrinter,0,0,2,2,40,8,0,0,-1.0,0,2
main,org.mockito.internal.debugging,Localized,2,0,3,3,14,3,0,0,0.0,1,1
main,org.mockito.internal.debugging,LocationImpl,5,0,6,5,36,8,0,0,0.0,0,1
main,org.mockito.internal.debugging,LoggingListener,4,0,7,5,57,13,0,1,0.0,2,3
main,org.mockito.internal.debugging,MockitoDebuggerImpl,1,0,3,1,39,7,0,0,0.0,0,2
main,org.mockito.internal.debugging,VerboseMockInvocationLogger,2,0,9,3,49,11,0,0,0.2222222222222222,0,2
main,org.mockito.internal.debugging,WarningsCollector,1,0,2,2,12,2,0,0,0.0,2,2
main,org.mockito.internal.debugging,WarningsFinder,2,0,2,2,31,7,0,0,0.0,1,3
main,org.mockito.internal.debugging,WarningsPrinterImpl,2,0,3,2,16,3,0,0,0.0,0,2
main,org.mockito.internal.exceptions,ExceptionIncludingMockitoWarnings,1,0,1,1,6,1,0,0,0.0,1,0
main,org.mockito.internal.exceptions,Reporter,1,0,83,75,312,94,0,0,0.7951807228915663,8,10
main,org.mockito.internal.exceptions,VerificationAwareInvocation,0,0,1,0,3,1,0,0,-1.0,0,0
main,org.mockito.internal.exceptions.stacktrace,ConditionalStackTraceFilter,3,0,1,1,12,2,0,0,0.0,5,2
main,org.mockito.internal.exceptions.stacktrace,DefaultStackTraceCleaner,0,0,5,1,28,7,0,0,-1.0,1,1
main,org.mockito.internal.exceptions.stacktrace,DefaultStackTraceCleanerProvider,0,0,1,1,8,1,0,0,-1.0,0,1
main,org.mockito.internal.exceptions.stacktrace,StackTraceFilter,2,0,2,2,28,6,0,0,0.0,2,1
main,org.mockito.internal.exceptions.util,ScenarioPrinter,0,0,1,1,17,4,0,0,-1.0,1,0
main,org.mockito.internal.framework,DefaultMockitoFramework,0,0,7,6,34,9,0,0,-1.0,0,5
main,org.mockito.internal.framework,DefaultMockitoSession,2,0,6,6,44,8,0,0,0.3333333333333333,0,5
main,org.mockito.internal.hamcrest,HamcrestArgumentMatcher,1,0,4,4,15,4,0,0,0.0,0,0
main,org.mockito.internal.hamcrest,MatcherGenericTypeExtractor,0,0,1,1,11,1,0,0,-1.0,0,0
main,org.mockito.internal.handler,InvocationNotifierHandler,2,0,6,4,48,8,0,0,0.0,0,3
main,org.mockito.internal.handler,MockHandlerFactory,0,0,1,1,10,1,0,0,-1.0,0,2
main,org.mockito.internal.handler,MockHandlerImpl,4,0,4,4,61,8,0,0,0.0,0,10
main,org.mockito.internal.handler,NotifiedMethodInvocationReport,3,0,9,9,55,11,0,0,0.0,1,2
main,org.mockito.internal.handler,NullResultGuardian,1,0,4,4,23,5,0,0,0.0,0,2
main,org.mockito.internal,InOrderImpl,3,0,7,7,38,10,0,0,0.42857142857142855,2,5
main,org.mockito.internal,InternalMockHandler,0,0,0,0,5,0,0,0,-1.0,0,0
main,org.mockito.internal,MockitoCore,0,0,18,16,146,35,0,0,-1.0,6,16
main,org.mockito.internal.invocation,AbstractAwareMethod,0,0,1,0,3,1,1,0,-1.0,0,0
main,org.mockito.internal.invocation,ArgumentMatcherAction,0,0,1,0,9,1,1,0,-1.0,2,1
main,org.mockito.internal.invocation,ArgumentsProcessor,0,0,4,2,43,9,0,0,-1.0,3,3
main,org.mockito.internal.invocation,DefaultInvocationFactory,0,0,6,3,27,7,0,0,-1.0,1,6
main,org.mockito.internal.invocation,InterceptedInvocation,12,1,22,21,94,24,0,0,0.2727272727272727,1,7
main,org.mockito.internal.invocation,InvocationComparator,0,0,1,1,8,1,0,0,-1.0,1,1
main,org.mockito.internal.invocation,InvocationMarker,0,0,4,3,19,6,0,0,-1.0,1,4
main,org.mockito.internal.invocation,InvocationMatcher,2,0,15,13,93,24,0,0,0.2,6,3
main,org.mockito.internal.invocation,InvocationsFinder,2,0,18,13,143,37,0,0,0.3888888888888889,1,5
main,org.mockito.internal.invocation,RemoveNotMatching,1,0,2,1,9,2,0,0,0.0,0,2
main,org.mockito.internal.invocation,RemoveUnverifiedInOrder,1,0,2,2,9,2,0,0,0.0,0,2
main,org.mockito.internal.invocation,MatcherApplicationStrategy,3,0,8,2,79,16,0,0,0.0,2,4
main,org.mockito.internal.invocation,MatchersBinder,0,0,2,1,20,5,0,0,-1.0,1,2
main,org.mockito.internal.invocation,MockitoMethod,0,0,6,0,8,6,1,1,-1.0,3,0
main,org.mockito.internal.invocation,RealMethod,1,0,9,6,42,9,2,0,-1.0,5,1
main,org.mockito.internal.invocation,FromCallable,0,0,2,2,10,2,0,2,-1.0,0,0
main,org.mockito.internal.invocation,FromBehavior,1,0,3,2,18,3,1,1,0.6666666666666666,0,1
main,org.mockito.internal.invocation,SerializableMethod,9,0,10,10,79,24,0,2,0.2,3,2
main,org.mockito.internal.invocation,StubInfoImpl,2,0,2,2,10,2,0,0,0.0,0,1
main,org.mockito.internal.invocation,TypeSafeMatching,1,0,6,2,43,11,0,1,0.5,1,3
main,org.mockito.internal.invocation,UnusedStubsFinder,0,0,1,1,18,4,0,0,-1.0,1,1
main,org.mockito.internal.invocation.finder,AllInvocationsFinder,0,0,3,2,30,5,0,0,-1.0,5,0
main,org.mockito.internal.invocation.finder,VerifiableInvocationsFinder,0,0,3,2,16,3,0,0,-1.0,2,3
main,org.mockito.internal.invocation.finder,RemoveIgnoredForVerification,0,0,1,1,5,1,0,0,-1.0,0,1
main,org.mockito.internal.invocation.mockref,MockReference,0,0,1,0,6,1,2,0,-1.0,3,0
main,org.mockito.internal.invocation.mockref,MockStrongReference,2,0,3,2,19,4,0,1,0.0,0,0
main,org.mockito.internal.invocation.mockref,MockWeakReference,1,0,3,2,19,4,0,1,0.0,2,0
main,org.mockito.internal.junit,ArgMismatchFinder,0,0,1,0,19,5,0,0,-1.0,0,2
main,org.mockito.internal.junit,DefaultStubbingLookupListener,3,0,5,1,48,10,0,0,0.0,3,5
main,org.mockito.internal.junit,DefaultTestFinishedEvent,3,0,3,3,16,3,0,1,0.0,0,0
main,org.mockito.internal.junit,ExceptionFactory,1,0,5,1,34,6,0,0,0.8,2,2
main,org.mockito.internal.junit,JUnitArgsAreDifferent,0,0,1,0,8,1,0,0,-1.0,1,0
main,org.mockito.internal.junit,JUnitRule,3,0,6,5,52,11,0,0,0.3333333333333333,0,4
main,org.mockito.internal.junit,MismatchReportingTestListener,2,0,3,3,20,4,0,1,0.0,0,3
main,org.mockito.internal.junit,MockitoTestListener,0,0,1,0,6,1,4,0,-1.0,1,1
main,org.mockito.internal.junit,NoOpTestListener,0,0,2,2,6,2,0,1,-1.0,0,2
main,org.mockito.internal.junit,StrictStubsRunnerTestListener,1,0,2,2,11,2,0,1,1.0,0,3
main,org.mockito.internal.junit,StubbingArgMismatches,1,0,4,4,34,8,0,0,0.0,1,3
main,org.mockito.internal.junit,StubbingHint,1,0,3,1,18,4,0,0,0.0,2,0
main,org.mockito.internal.junit,TestFinishedEvent,0,0,2,0,4,2,1,0,-1.0,5,0
main,org.mockito.internal.junit,UniversalTestListener,5,0,8,6,65,13,0,1,0.25,2,6
main,org.mockito.internal.junit,UnnecessaryStubbingsReporter,1,0,2,2,17,3,0,0,0.0,1,2
main,org.mockito.internal.junit,UnusedStubbings,1,0,5,2,41,11,0,0,0.0,1,3
main,org.mockito.internal.junit,UnusedStubbingsFinder,0,0,3,3,39,7,0,0,-1.0,0,3
main,org.mockito.internal.junit,VerificationCollectorImpl,3,0,11,8,67,12,0,0,0.2727272727272727,0,3
main,org.mockito.internal.junit,VerificationWrapper,1,0,3,2,17,3,0,0,0.6666666666666666,0,2
main,org.mockito.internal.junit.util,JUnitFailureHacker,0,0,6,1,56,9,0,0,-1.0,1,2
main,org.mockito.internal.listeners,AutoCleanableListener,0,0,1,0,9,1,0,0,-1.0,0,0
main,org.mockito.internal.listeners,StubbingLookupNotifier,4,0,6,6,36,8,0,0,0.0,0,5
main,org.mockito.internal.listeners,Event,4,0,5,5,24,5,0,0,0.0,0,3
main,org.mockito.internal.listeners,VerificationStartedNotifier,2,0,5,4,46,12,0,0,0.0,3,7
main,org.mockito.internal.listeners,Event,2,0,3,3,23,5,0,0,0.0,0,6
main,org.mockito.internal.matchers,And,2,0,3,3,14,3,0,0,0.0,0,1
main,org.mockito.internal.matchers,Any,1,1,2,2,9,2,0,1,1.0,2,1
main,org.mockito.internal.matchers,ArrayEquals,0,0,5,4,68,20,0,2,-1.0,2,1
main,org.mockito.internal.matchers,CapturesArguments,0,0,1,0,3,1,1,0,-1.0,0,0
main,org.mockito.internal.matchers,CapturingMatcher,4,0,5,5,42,6,0,1,0.6,1,0
main,org.mockito.internal.matchers,CompareEqual,0,0,3,1,11,3,0,1,-1.0,0,0
main,org.mockito.internal.matchers,CompareTo,1,0,5,3,21,7,5,0,0.0,0,0
main,org.mockito.internal.matchers,Contains,1,0,3,3,12,3,0,0,0.0,0,0
main,org.mockito.internal.matchers,ContainsExtraTypeInfo,0,0,2,0,13,2,1,0,-1.0,0,0
main,org.mockito.internal.matchers,EndsWith,1,0,3,3,12,3,0,0,0.0,0,0
main,org.mockito.internal.matchers,Equality,0,0,5,1,31,10,0,0,-1.0,2,1
main,org.mockito.internal.matchers,Equals,1,0,9,7,34,10,1,1,0.2222222222222222,1,3
main,org.mockito.internal.matchers,EqualsWithDelta,2,0,3,3,20,5,0,0,0.0,0,0
main,org.mockito.internal.matchers,Find,1,0,3,3,12,3,0,0,0.0,0,0
main,org.mockito.internal.matchers,GreaterOrEqual,0,0,3,1,11,3,0,1,-1.0,0,0
main,org.mockito.internal.matchers,GreaterThan,0,0,3,1,11,3,0,1,-1.0,0,0
main,org.mockito.internal.matchers,InstanceOf,2,0,6,6,25,6,1,0,0.0,0,1
main,org.mockito.internal.matchers,VarArgAware,0,0,2,2,8,2,0,1,-1.0,0,0
main,org.mockito.internal.matchers,LessOrEqual,0,0,3,1,11,3,0,1,-1.0,0,0
main,org.mockito.internal.matchers,LessThan,0,0,3,1,11,3,0,1,-1.0,0,0
main,org.mockito.internal.matchers,LocalizedMatcher,2,0,3,3,14,3,0,0,0.0,0,2
main,org.mockito.internal.matchers,Matches,1,0,4,4,15,4,0,0,0.5,0,0
main,org.mockito.internal.matchers,Not,1,0,3,3,12,3,0,0,0.0,0,1
main,org.mockito.internal.matchers,NotNull,1,1,3,2,11,3,0,0,1.0,2,1
main,org.mockito.internal.matchers,Null,1,1,3,2,11,3,0,0,1.0,2,1
main,org.mockito.internal.matchers,Or,2,0,3,3,14,3,0,0,0.0,0,1
main,org.mockito.internal.matchers,Same,1,0,3,3,12,3,0,0,0.0,0,1
main,org.mockito.internal.matchers,StartsWith,1,0,3,3,12,3,0,0,0.0,0,0
main,org.mockito.internal.matchers,VarargMatcher,0,0,0,0,5,0,3,0,-1.0,0,0
main,org.mockito.internal.matchers.apachecommons,EqualsBuilder,1,0,28,26,537,98,0,0,0.07142857142857142,2,1
main,org.mockito.internal.matchers.apachecommons,ReflectionEquals,2,0,3,3,14,3,0,0,0.0,0,1
main,org.mockito.internal.matchers.text,FormattedText,1,0,2,2,12,2,0,0,0.0,0,0
main,org.mockito.internal.matchers.text,MatchersPrinter,0,0,3,2,24,5,0,0,-1.0,1,3
main,org.mockito.internal.matchers.text,MatcherToString,0,0,1,0,23,4,0,0,-1.0,1,1
main,org.mockito.internal.matchers.text,ValuePrinter,1,0,9,5,127,31,0,0,0.3333333333333333,6,1
main,org.mockito.internal.progress,ArgumentMatcherStorage,0,0,7,0,9,7,1,0,-1.0,2,1
main,org.mockito.internal.progress,ArgumentMatcherStorageImpl,3,0,10,7,58,14,0,1,0.0,0,1
main,org.mockito.internal.progress,MockingProgress,0,0,17,0,25,17,1,0,-1.0,1,5
main,org.mockito.internal.progress,MockingProgressImpl,6,0,23,21,127,34,0,1,0.13043478260869565,2,11
main,org.mockito.internal.progress,SequenceNumber,1,0,1,1,6,1,0,0,0.0,1,0
main,org.mockito.internal.progress,ThreadSafeMockingProgress,1,0,3,1,20,3,0,0,1.0,0,0
main,org.mockito.internal.reporting,Discrepancy,2,0,5,5,20,5,0,0,0.0,1,1
main,org.mockito.internal.reporting,Pluralizer,0,0,2,2,13,3,0,0,-1.0,1,0
main,org.mockito.internal.reporting,PrintSettings,3,1,8,8,39,9,0,0,0.25,3,6
main,org.mockito.internal.reporting,SmartPrinter,2,0,3,3,20,3,0,0,0.0,1,3
main,org.mockito.internal.runners,DefaultInternalRunner,5,1,9,8,56,15,0,1,0.0,0,4
main,org.mockito.internal.runners,InternalRunner,0,0,2,0,7,2,2,0,-1.0,4,0
main,org.mockito.internal.runners,RunnerFactory,0,0,7,7,56,8,0,0,-1.0,0,2
main,org.mockito.internal.runners,StrictRunner,3,0,4,4,35,5,0,1,0.0,0,4
main,org.mockito.internal.runners.util,FailureDetector,1,0,2,2,13,2,0,0,0.0,1,0
main,org.mockito.internal.runners.util,RunnerProvider,0,0,1,1,24,2,0,0,-1.0,0,0
main,org.mockito.internal.runners.util,TestMethodsFinder,0,0,2,1,13,4,0,0,-1.0,0,0
main,org.mockito.internal.session,DefaultMockitoSessionBuilder,4,0,6,6,48,10,0,0,0.0,0,3
main,org.mockito.internal.session,MockitoLoggerAdapter,1,0,2,1,9,2,0,0,0.0,0,1
main,org.mockito.internal.session,MockitoSessionLoggerAdapter,1,0,2,2,9,2,0,0,0.0,0,1
main,org.mockito.internal.stubbing.answers,AnswerFunctionalInterfaces,0,0,21,20,181,21,0,0,-1.0,0,11
main,org.mockito.internal.stubbing.answers,AnswersWithDelay,3,0,3,3,23,4,0,0,0.0,0,2
main,org.mockito.internal.stubbing.answers,CallsRealMethods,1,0,2,2,17,4,0,0,1.0,0,1
main,org.mockito.internal.stubbing.answers,ClonesArguments,0,0,1,1,13,2,0,0,-1.0,0,3
main,org.mockito.internal.stubbing.answers,DefaultAnswerValidator,0,0,1,1,8,2,0,0,-1.0,1,2
main,org.mockito.internal.stubbing.answers,DoesNothing,2,0,4,3,17,5,0,0,1.0,1,2
main,org.mockito.internal.stubbing.answers,InvocationInfo,1,0,10,10,49,13,0,0,0.0,3,2
main,org.mockito.internal.stubbing.answers,Returns,2,0,7,4,34,10,0,0,0.0,0,2
main,org.mockito.internal.stubbing.answers,ReturnsArgumentAt,3,1,9,3,81,20,0,0,0.0,1,3
main,org.mockito.internal.stubbing.answers,ReturnsElementsOf,1,0,2,2,17,4,0,0,0.0,0,1
main,org.mockito.internal.stubbing.answers,ThrowsException,3,0,3,3,39,9,0,0,0.0,0,3
main,org.mockito.internal.stubbing,BaseStubbing,1,0,10,8,63,18,2,0,0.6,0,2
main,org.mockito.internal.stubbing,ConsecutiveStubbing,1,0,2,1,11,2,0,1,0.0,0,2
main,org.mockito.internal.stubbing,DefaultLenientStubber,1,0,10,9,35,10,0,0,0.0,1,4
main,org.mockito.internal.stubbing,DoAnswerStyleStubbing,2,0,5,0,24,5,0,0,0.0,1,0
main,org.mockito.internal.stubbing,InvocationContainerImpl,6,0,20,18,114,25,0,0,0.0,6,6
main,org.mockito.internal.stubbing,OngoingStubbingImpl,2,0,4,4,21,5,0,1,0.0,3,2
main,org.mockito.internal.stubbing,StrictnessSelector,0,0,1,1,21,3,0,0,-1.0,0,2
main,org.mockito.internal.stubbing,StubbedInvocationMatcher,4,0,7,7,33,7,0,0,0.2857142857142857,2,4
main,org.mockito.internal.stubbing,StubberImpl,2,0,11,10,82,21,0,0,0.45454545454545453,0,3
main,org.mockito.internal.stubbing,StubbingComparator,1,0,1,1,9,1,0,0,0.0,0,2
main,org.mockito.internal.stubbing,UnusedStubbingReporting,0,0,1,1,11,1,0,0,-1.0,2,1
main,org.mockito.internal.stubbing.defaultanswers,ForwardsInvocations,2,0,4,2,44,6,0,0,0.0,1,2
main,org.mockito.internal.stubbing.defaultanswers,GloballyConfiguredAnswer,1,0,1,1,9,1,0,0,0.0,0,1
main,org.mockito.internal.stubbing.defaultanswers,RetrieveGenericsForDefaultAnswers,1,0,5,0,94,21,0,0,0.4,3,8
main,org.mockito.internal.stubbing.defaultanswers,AnswerCallback,0,0,1,0,3,1,0,0,-1.0,1,0
main,org.mockito.internal.stubbing.defaultanswers,ReturnsDeepStubs,5,0,15,3,92,19,1,0,0.13333333333333333,1,14
main,org.mockito.internal.stubbing.defaultanswers,ReturnsDeepStubsSerializationFallback,1,0,3,1,15,3,0,1,0.6666666666666666,0,2
main,org.mockito.internal.stubbing.defaultanswers,DeeplyStubbedAnswer,1,0,2,1,9,2,0,0,0.0,1,1
main,org.mockito.internal.stubbing.defaultanswers,LazyHolder,2,0,0,0,4,0,0,0,-1.0,1,2
main,org.mockito.internal.stubbing.defaultanswers,ReturnsEmptyValues,1,0,2,1,98,29,0,0,0.0,4,5
main,org.mockito.internal.stubbing.defaultanswers,ReturnsMocks,2,0,2,2,19,5,0,0,1.0,1,5
main,org.mockito.internal.stubbing.defaultanswers,ReturnsMoreEmptyValues,2,0,2,1,25,5,0,0,0.0,0,2
main,org.mockito.internal.stubbing.defaultanswers,ReturnsSmartNulls,4,0,4,3,36,8,0,0,0.75,0,5
main,org.mockito.internal.stubbing.defaultanswers,ThrowsSmartNullPointer,2,0,2,1,14,3,0,0,0.0,0,2
main,org.mockito.internal.stubbing.defaultanswers,TriesToReturnSelf,1,0,1,1,12,2,0,0,0.0,0,3
main,org.mockito.internal.util,Checks,0,0,3,3,25,6,0,0,-1.0,7,1
main,org.mockito.internal.util,ConsoleMockitoLogger,0,0,1,1,5,1,0,0,-1.0,0,0
main,org.mockito.internal.util,DefaultMockingDetails,1,0,12,9,50,14,0,0,0.0,0,1
main,org.mockito.internal.util,JavaEightUtil,4,0,10,8,95,14,0,0,0.2,2,1
main,org.mockito.internal.util,MockCreationValidator,0,0,5,5,39,14,0,0,-1.0,1,1
main,org.mockito.internal.util,MockNameImpl,3,0,5,4,30,7,0,0,0.0,1,1
main,org.mockito.internal.util,MockUtil,1,0,11,10,56,15,0,0,0.36363636363636365,20,6
main,org.mockito.internal.util,ObjectMethodsGuru,0,0,3,2,11,3,0,0,-1.0,0,1
main,org.mockito.internal.util,Platform,10,8,8,5,56,13,0,0,0.375,4,1
main,org.mockito.internal.util,Primitives,2,0,4,4,66,6,0,0,0.5,6,1
main,org.mockito.internal.util,StringUtil,1,0,7,5,66,13,0,0,0.5714285714285714,1,1
main,org.mockito.internal.util,Supplier,0,0,1,0,10,1,0,0,-1.0,2,0
main,org.mockito.internal.util,Timer,2,0,5,4,29,6,0,0,0.0,2,0
main,org.mockito.internal.util.collections,HashCodeAndEqualsMockWrapper,1,0,7,6,31,9,0,0,0.2857142857142857,2,2
main,org.mockito.internal.util.collections,HashCodeAndEqualsSafeSet,2,0,24,22,105,30,0,0,0.125,2,3
main,org.mockito.internal.util.collections,IdentitySet,1,0,2,2,14,4,0,0,0.0,1,0
main,org.mockito.internal.util.collections,Iterables,0,0,2,2,28,4,0,0,-1.0,1,0
main,org.mockito.internal.util.collections,ListUtil,0,0,4,2,27,7,0,0,-1.0,7,2
main,org.mockito.internal.util.collections,Filter,0,0,1,0,3,1,0,0,-1.0,3,0
main,org.mockito.internal.util.collections,Converter,0,0,1,0,3,1,0,0,-1.0,1,0
main,org.mockito.internal.util.collections,Sets,0,0,3,3,14,4,0,0,-1.0,0,1
main,org.mockito.internal.util.concurrent,DetachedThreadLocal,1,0,15,11,107,20,0,0,0.13333333333333333,1,2
main,org.mockito.internal.util.concurrent,WeakConcurrentMap,11,1,34,28,240,50,1,0,0.08823529411764706,5,0
main,org.mockito.internal.util.concurrent,WeakKey,1,0,3,2,18,4,0,0,0.6666666666666666,0,0
main,org.mockito.internal.util.concurrent,LatentKey,2,0,3,2,19,4,0,0,0.0,0,0
main,org.mockito.internal.util.concurrent,WithInlinedExpunction,0,0,7,7,32,7,0,1,-1.0,0,0
main,org.mockito.internal.util.concurrent,EntryIterator,3,0,5,3,37,8,0,0,0.4,0,0
main,org.mockito.internal.util.concurrent,SimpleEntry,2,0,4,3,18,5,0,0,0.0,0,0
main,org.mockito.internal.util.concurrent,WeakConcurrentSet,2,0,14,13,90,17,0,0,0.0,1,1
main,org.mockito.internal.util.concurrent,ReducingIterator,1,0,4,3,15,4,0,0,0.0,0,0
main,org.mockito.internal.util.io,IOUtil,0,0,4,4,60,6,0,0,-1.0,3,1
main,org.mockito.internal.util.reflection,AccessibilityChanger,1,0,2,2,21,2,0,0,0.0,8,0
main,org.mockito.internal.util.reflection,BeanPropertySetter,4,0,5,3,73,7,0,0,0.0,0,1
main,org.mockito.internal.util.reflection,FieldCopier,0,0,1,1,6,1,0,0,-1.0,1,0
main,org.mockito.internal.util.reflection,FieldInitializationReport,3,0,5,5,41,5,0,0,0.0,2,0
main,org.mockito.internal.util.reflection,FieldInitializer,9,0,20,6,222,33,0,0,0.25,0,4
main,org.mockito.internal.util.reflection,ConstructorArgumentResolver,0,0,1,0,11,1,0,0,-1.0,2,0
main,org.mockito.internal.util.reflection,ConstructorInstantiator,0,0,1,0,3,1,2,0,-1.0,1,0
main,org.mockito.internal.util.reflection,NoArgConstructorInstantiator,2,0,2,1,43,3,0,1,0.0,0,1
main,org.mockito.internal.util.reflection,ParameterizedConstructorInstantiator,4,0,6,2,78,11,0,1,0.5,0,3
main,org.mockito.internal.util.reflection,FieldReader,3,0,3,3,21,3,0,0,0.0,3,1
main,org.mockito.internal.util.reflection,Fields,2,0,15,13,109,23,0,0,0.4666666666666667,2,5
main,org.mockito.internal.util.reflection,InstanceFields,2,0,6,6,31,8,0,0,0.0,0,3
main,org.mockito.internal.util.reflection,FieldSetter,0,0,2,1,18,2,0,0,-1.0,0,1
main,org.mockito.internal.util.reflection,GenericMaster,0,0,1,1,19,4,0,0,-1.0,0,0
main,org.mockito.internal.util.reflection,GenericMetadataSupport,14,0,52,35,443,93,6,0,0.17307692307692307,8,3
main,org.mockito.internal.util.reflection,FromClassGenericMetadataSupport,1,0,2,2,14,2,0,1,0.0,0,0
main,org.mockito.internal.util.reflection,FromParameterizedTypeGenericMetadataSupport,1,0,3,2,16,3,0,1,0.0,0,0
main,org.mockito.internal.util.reflection,ParameterizedReturnType,2,0,4,2,23,4,0,1,0.0,0,1
main,org.mockito.internal.util.reflection,TypeVariableReturnType,4,0,7,4,76,18,0,1,0.0,0,1
main,org.mockito.internal.util.reflection,GenericArrayReturnType,2,0,2,2,21,3,0,1,0.0,0,1
main,org.mockito.internal.util.reflection,NotGenericReturnTypeSupport,1,0,2,2,14,2,0,1,0.0,0,1
main,org.mockito.internal.util.reflection,BoundedType,0,0,2,0,11,2,2,0,-1.0,0,0
main,org.mockito.internal.util.reflection,TypeVarBoundedType,1,0,7,7,39,9,0,1,0.0,0,0
main,org.mockito.internal.util.reflection,WildCardBoundedType,1,0,7,7,38,9,0,1,0.2857142857142857,1,0
main,org.mockito.internal.util.reflection,GenericTypeExtractor,0,0,3,1,56,11,0,0,-1.0,1,1
main,org.mockito.internal.util.reflection,InstanceField,3,0,13,12,98,16,0,0,0.0,2,3
main,org.mockito.internal.util.reflection,LenientCopyTool,1,0,4,2,33,7,0,0,0.0,0,2
main,org.mockito.internal.util.reflection,SuperTypesLastSorter,1,0,3,2,40,7,0,0,1.0,0,0
main,org.mockito.internal.verification.api,InOrderContext,0,0,2,0,4,2,0,0,-1.0,9,1
main,org.mockito.internal.verification.api,VerificationData,0,0,3,0,18,3,0,0,-1.0,16,0
main,org.mockito.internal.verification.api,VerificationDataInOrder,0,0,3,0,5,3,1,0,-1.0,6,0
main,org.mockito.internal.verification.api,VerificationDataInOrderImpl,3,0,4,4,19,4,0,1,0.0,1,2
main,org.mockito.internal.verification.api,VerificationInOrderMode,0,0,1,0,3,1,0,0,-1.0,2,1
main,org.mockito.internal.verification.argumentmatching,ArgumentMatchingTool,0,0,4,1,32,7,0,0,-1.0,1,2
main,org.mockito.internal.verification,AtLeast,1,0,5,5,27,8,0,0,0.4,0,3
main,org.mockito.internal.verification,AtMost,1,0,4,3,31,8,0,0,0.5,0,4
main,org.mockito.internal.verification,Calls,1,0,5,5,24,6,0,0,0.6,0,4
main,org.mockito.internal.verification,DefaultRegisteredInvocations,2,0,6,6,38,7,0,1,0.3333333333333333,0,2
main,org.mockito.internal.verification,RemoveToString,0,0,1,1,5,1,0,0,-1.0,0,1
main,org.mockito.internal.verification,Description,2,0,3,3,33,3,0,0,0.0,0,3
main,org.mockito.internal.verification,InOrderContextImpl,1,0,2,2,9,2,0,0,0.0,0,2
main,org.mockito.internal.verification,InOrderWrapper,2,0,3,3,16,3,0,0,0.6666666666666666,0,6
main,org.mockito.internal.verification,MockAwareVerificationMode,3,0,5,4,35,6,0,0,0.4,0,4
main,org.mockito.internal.verification,NoMoreInteractions,0,0,3,3,18,5,0,0,-1.0,0,4
main,org.mockito.internal.verification,Only,0,0,2,2,18,4,0,0,-1.0,0,4
main,org.mockito.internal.verification,RegisteredInvocations,0,0,5,0,7,5,2,0,-1.0,1,1
main,org.mockito.internal.verification,SingleRegisteredInvocation,1,0,5,5,18,5,0,1,0.4,0,1
main,org.mockito.internal.verification,Times,1,0,5,5,31,8,0,0,0.4,0,4
main,org.mockito.internal.verification,VerificationDataImpl,2,0,5,4,26,7,0,0,0.0,2,2
main,org.mockito.internal.verification,VerificationEventImpl,4,0,5,5,24,5,0,0,0.0,0,2
main,org.mockito.internal.verification,VerificationModeFactory,0,0,8,8,33,8,0,0,-1.0,18,2
main,org.mockito.internal.verification,VerificationOverTimeImpl,4,0,12,9,98,16,0,0,0.16666666666666666,3,4
main,org.mockito.internal.verification,VerificationWrapper,1,0,9,8,28,9,0,0,0.2222222222222222,1,3
main,org.mockito.internal.verification,VerificationWrapperInOrderWrapper,1,0,4,3,27,7,0,0,0.5,0,7
main,org.mockito.internal.verification.checkers,AtLeastDiscrepancy,0,0,2,2,8,2,0,0,-1.0,0,0
main,org.mockito.internal.verification.checkers,AtLeastXNumberOfInvocationsChecker,0,0,2,2,20,4,0,0,-1.0,0,2
main,org.mockito.internal.verification.checkers,MissingInvocationChecker,0,0,3,2,28,7,0,0,-1.0,1,5
main,org.mockito.internal.verification.checkers,NumberOfInvocationsChecker,0,0,4,3,45,11,0,0,-1.0,0,4
main,org.mockito.invocation,DescribedInvocation,0,0,2,0,15,2,2,0,-1.0,4,0
main,org.mockito.invocation,Invocation,0,0,10,0,50,10,0,1,-1.0,40,1
main,org.mockito.invocation,InvocationContainer,0,0,0,0,6,0,0,0,-1.0,0,0
main,org.mockito.invocation,InvocationFactory,0,0,3,0,35,3,0,0,-1.0,2,2
main,org.mockito.invocation,RealMethodBehavior,0,0,1,0,7,1,0,0,-1.0,2,0
main,org.mockito.invocation,InvocationOnMock,0,0,5,0,33,5,1,0,-1.0,26,0
main,org.mockito.invocation,Location,0,0,2,0,16,2,0,0,-1.0,10,0
main,org.mockito.invocation,MatchableInvocation,0,0,6,0,37,6,0,1,-1.0,15,1
main,org.mockito.invocation,MockHandler,0,0,3,0,24,3,0,0,-1.0,10,1
main,org.mockito.invocation,StubInfo,0,0,1,0,9,1,0,0,-1.0,2,0
main,org.mockito.junit,MockitoJUnit,0,0,2,2,23,2,0,0,-1.0,0,1
main,org.mockito.junit,MockitoJUnitRunner,1,0,8,7,48,8,3,0,0.625,0,1
main,org.mockito.junit,Silent,0,0,1,1,9,1,0,1,-1.0,0,0
main,org.mockito.junit,Strict,0,0,1,1,9,1,0,1,-1.0,0,0
main,org.mockito.junit,StrictStubs,0,0,1,1,9,1,0,1,-1.0,0,0
main,org.mockito.junit,MockitoRule,0,0,2,0,16,2,0,0,-1.0,0,0
main,org.mockito.junit,VerificationCollector,0,0,2,0,20,2,0,0,-1.0,0,0
main,org.mockito.listeners,InvocationListener,0,0,1,0,11,1,0,0,-1.0,3,1
main,org.mockito.listeners,MethodInvocationReport,0,0,5,0,25,5,0,0,-1.0,2,0
main,org.mockito.listeners,MockCreationListener,0,0,1,0,11,1,0,1,-1.0,0,1
main,org.mockito.listeners,MockitoListener,0,0,0,0,5,0,2,0,-1.0,4,0
main,org.mockito.listeners,StubbingLookupEvent,0,0,4,0,26,4,0,0,-1.0,3,0
main,org.mockito.listeners,StubbingLookupListener,0,0,1,0,12,1,0,0,-1.0,2,1
main,org.mockito.listeners,VerificationListener,0,0,1,0,10,1,0,1,-1.0,0,1
main,org.mockito.listeners,VerificationStartedEvent,0,0,2,0,17,2,0,0,-1.0,2,0
main,org.mockito.listeners,VerificationStartedListener,0,0,1,0,12,1,0,0,-1.0,2,1
main,org.mockito.mock,MockCreationSettings,0,0,16,0,77,16,0,0,-1.0,36,0
main,org.mockito.mock,MockName,0,0,2,0,13,2,0,0,-1.0,4,0
main,org.mockito.plugins,AnnotationEngine,0,0,1,0,11,1,0,0,-1.0,3,0
main,org.mockito.plugins,InlineMockMaker,0,0,2,0,17,2,0,1,-1.0,1,0
main,org.mockito.plugins,InstantiatorProvider,0,0,1,0,10,1,0,0,-1.0,2,1
main,org.mockito.plugins,InstantiatorProvider2,0,0,1,0,11,1,0,0,-1.0,2,1
main,org.mockito.plugins,MockitoLogger,0,0,1,0,11,1,0,0,-1.0,10,0
main,org.mockito.plugins,MockitoPlugins,0,0,2,0,19,2,0,0,-1.0,0,0
main,org.mockito.plugins,MockMaker,0,0,6,0,53,6,1,0,-1.0,3,2
main,org.mockito.plugins,TypeMockability,0,0,2,0,14,2,0,0,-1.0,0,0
main,org.mockito.plugins,PluginSwitch,0,0,1,0,11,1,0,0,-1.0,4,0
main,org.mockito.plugins,StackTraceCleanerProvider,0,0,1,0,11,1,0,0,-1.0,1,1
main,org.mockito.quality,MockitoHint,0,0,0,0,6,0,0,0,-1.0,0,0
main,org.mockito.runners,ConsoleSpammingMockitoJUnitRunner,3,0,7,6,34,7,0,0,0.2857142857142857,0,4
main,org.mockito.runners,MockitoJUnitRunner,0,0,6,6,36,6,2,0,-1.0,0,0
main,org.mockito.runners,Silent,0,0,1,1,9,1,0,1,-1.0,0,0
main,org.mockito.runners,Strict,0,0,1,1,9,1,0,1,-1.0,0,0
main,org.mockito.runners,VerboseMockitoJUnitRunner,2,0,7,6,33,7,0,0,0.2857142857142857,0,2
main,org.mockito.session,MockitoSessionBuilder,0,0,6,0,51,6,0,0,-1.0,0,1
main,org.mockito.session,MockitoSessionLogger,0,0,1,0,11,1,0,0,-1.0,3,0
main,org.mockito.stubbing,Answer,0,0,1,0,12,1,1,0,-1.0,23,1
main,org.mockito.stubbing,Answer1,0,0,1,0,14,1,0,0,-1.0,2,0
main,org.mockito.stubbing,Answer2,0,0,1,0,16,1,0,0,-1.0,2,0
main,org.mockito.stubbing,Answer3,0,0,1,0,18,1,0,0,-1.0,2,0
main,org.mockito.stubbing,Answer4,0,0,1,0,20,1,0,0,-1.0,2,0
main,org.mockito.stubbing,Answer5,0,0,1,0,21,1,0,0,-1.0,2,0
main,org.mockito.stubbing,BaseStubber,0,0,8,0,56,8,2,0,-1.0,0,1
main,org.mockito.stubbing,LenientStubber,0,0,1,0,11,1,0,1,-1.0,0,0
main,org.mockito.stubbing,OngoingStubbing,0,0,9,0,65,9,0,0,-1.0,6,1
main,org.mockito.stubbing,Stubber,0,0,1,0,11,1,0,1,-1.0,3,0
main,org.mockito.stubbing,Stubbing,0,0,3,0,21,3,0,1,-1.0,6,0
main,org.mockito.stubbing,ValidableAnswer,0,0,1,0,12,1,0,0,-1.0,0,1
main,org.mockito.stubbing,VoidAnswer1,0,0,1,0,12,1,0,0,-1.0,2,0
main,org.mockito.stubbing,VoidAnswer2,0,0,1,0,14,1,0,0,-1.0,2,0
main,org.mockito.stubbing,VoidAnswer3,0,0,1,0,16,1,0,0,-1.0,2,0
main,org.mockito.stubbing,VoidAnswer4,0,0,1,0,18,1,0,0,-1.0,2,0
main,org.mockito.stubbing,VoidAnswer5,0,0,1,0,20,1,0,0,-1.0,2,0
main,org.mockito.verification,After,0,0,5,2,23,5,0,2,-1.0,0,3
main,org.mockito.verification,Timeout,0,0,8,4,38,8,0,2,-1.0,0,4
main,org.mockito.verification,VerificationAfterDelay,0,0,6,0,29,6,1,1,-1.0,0,0
main,org.mockito.verification,VerificationEvent,0,0,4,0,22,4,0,0,-1.0,2,0
main,org.mockito.verification,VerificationMode,0,0,2,0,16,2,2,0,-1.0,22,1
main,org.mockito.verification,VerificationStrategy,0,0,1,0,11,1,0,0,-1.0,2,1
main,org.mockito.verification,VerificationWithTimeout,0,0,4,0,27,4,1,1,-1.0,0,0
